{
    "version": "0.4",
    "title": "Blog List",
    "type": "page",
    "metadata": {
        "template_type": "single-page",
        "include_in_zip": "1",
        "elementor_pro_required": "1",
        "wp_page_template": "elementor_header_footer"
    },
    "content": [
        {
            "id": "3af13e7e",
            "settings": {
                "height": "min-height",
                "custom_height": {
                    "unit": "px",
                    "size": 500,
                    "sizes": []
                },
                "background_background": "classic",
                "background_overlay_background": "classic",
                "shape_divider_bottom_width": {
                    "unit": "%",
                    "size": 100,
                    "sizes": []
                },
                "shape_divider_bottom_height": {
                    "unit": "px",
                    "size": 191,
                    "sizes": []
                },
                "__globals__": {
                    "background_overlay_color": "",
                    "background_color": "",
                    "shape_divider_bottom_color": "",
                    "background_color_b": "",
                    "shape_divider_top_color": ""
                },
                "shape_divider_top_width": {
                    "unit": "%",
                    "size": 100,
                    "sizes": []
                },
                "shape_divider_top_height": {
                    "unit": "px",
                    "size": 150,
                    "sizes": []
                },
                "shape_divider_top_flip": "yes",
                "shape_divider_bottom_flip": "yes",
                "shape_divider_top_width_mobile": {
                    "unit": "%",
                    "size": 300,
                    "sizes": []
                },
                "shape_divider_top_height_mobile": {
                    "unit": "px",
                    "size": 230,
                    "sizes": []
                },
                "background_overlay_opacity": {
                    "unit": "px",
                    "size": 0.8000000000000000444089209850062616169452667236328125,
                    "sizes": []
                },
                "overlay_blend_mode": "multiply",
                "shape_divider_top_color": "#00A2FF26",
                "background_image": {
                    "url": "https:\/\/templatekit.rometheme.net\/jumpkins\/wp-content\/uploads\/sites\/22\/2020\/12\/back-6.jpg",
                    "id": 3667
                },
                "background_position": "bottom center",
                "background_repeat": "no-repeat",
                "shape_divider_bottom_color": "#FF00AB26",
                "background_size": "cover"
            },
            "elements": [
                {
                    "id": "585a59c7",
                    "settings": {
                        "_column_size": 100,
                        "_inline_size": null,
                        "background_background": "classic",
                        "background_position": "center center",
                        "background_size": "cover",
                        "background_overlay_background": "classic",
                        "__globals__": {
                            "background_color": "",
                            "background_overlay_color": ""
                        },
                        "padding": {
                            "unit": "em",
                            "top": "",
                            "right": "",
                            "bottom": "",
                            "left": "",
                            "isLinked": true
                        }
                    },
                    "elements": [
                        {
                            "id": "44e12e10",
                            "settings": [],
                            "elements": [
                                {
                                    "id": "1b4d719c",
                                    "settings": {
                                        "_column_size": 100,
                                        "_inline_size": null,
                                        "margin_mobile": {
                                            "unit": "px",
                                            "top": "0",
                                            "right": "0",
                                            "bottom": "0",
                                            "left": "0",
                                            "isLinked": false
                                        },
                                        "padding_mobile": {
                                            "unit": "px",
                                            "top": "0",
                                            "right": "0",
                                            "bottom": "0",
                                            "left": "0",
                                            "isLinked": false
                                        }
                                    },
                                    "elements": [
                                        {
                                            "id": "2a16c793",
                                            "settings": {
                                                "title": "NEWS",
                                                "header_size": "h4",
                                                "align": "center",
                                                "typography_font_family": "Imprima",
                                                "typography_font_size": {
                                                    "unit": "px",
                                                    "size": 42,
                                                    "sizes": []
                                                },
                                                "_margin": {
                                                    "unit": "px",
                                                    "top": "0",
                                                    "right": "0",
                                                    "bottom": "0",
                                                    "left": "0",
                                                    "isLinked": false
                                                },
                                                "_background_background": "classic",
                                                "__globals__": {
                                                    "_background_color": "",
                                                    "title_color": "globals\/colors?id=87eb952"
                                                },
                                                "typography_font_size_mobile": {
                                                    "unit": "px",
                                                    "size": 30,
                                                    "sizes": []
                                                }
                                            },
                                            "elements": [],
                                            "isInner": false,
                                            "widgetType": "heading",
                                            "elType": "widget"
                                        },
                                        {
                                            "id": "4bf2959a",
                                            "settings": {
                                                "title": "LATEST BLOGS",
                                                "align": "center",
                                                "typography_font_family": "Expletus Sans",
                                                "typography_font_size": {
                                                    "unit": "px",
                                                    "size": 50,
                                                    "sizes": []
                                                },
                                                "typography_font_weight": "bold",
                                                "__globals__": {
                                                    "title_color": "globals\/colors?id=87eb952"
                                                },
                                                "header_size": "h3",
                                                "typography_font_size_mobile": {
                                                    "unit": "px",
                                                    "size": 50,
                                                    "sizes": []
                                                },
                                                "align_tablet": "center",
                                                "align_mobile": "center",
                                                "_margin": {
                                                    "unit": "px",
                                                    "top": "-10",
                                                    "right": "0",
                                                    "bottom": "0",
                                                    "left": "0",
                                                    "isLinked": false
                                                }
                                            },
                                            "elements": [],
                                            "isInner": false,
                                            "widgetType": "heading",
                                            "elType": "widget"
                                        }
                                    ],
                                    "isInner": true,
                                    "elType": "column"
                                }
                            ],
                            "isInner": true,
                            "elType": "section"
                        }
                    ],
                    "isInner": false,
                    "elType": "column"
                }
            ],
            "isInner": false,
            "elType": "section"
        },
        {
            "id": "61a542e0",
            "settings": {
                "background_background": "classic",
                "padding": {
                    "unit": "em",
                    "top": "5",
                    "right": "1",
                    "bottom": "5",
                    "left": "1",
                    "isLinked": false
                },
                "__globals__": {
                    "background_color": "globals\/colors?id=33a517f"
                },
                "background_position": "center center",
                "background_repeat": "no-repeat",
                "background_size": "cover"
            },
            "elements": [
                {
                    "id": "248bdc2a",
                    "settings": {
                        "_column_size": 100,
                        "_inline_size": null,
                        "background_background": "classic",
                        "border_radius": {
                            "unit": "px",
                            "top": "10",
                            "right": "10",
                            "bottom": "10",
                            "left": "10",
                            "isLinked": true
                        },
                        "padding": {
                            "unit": "em",
                            "top": "",
                            "right": "",
                            "bottom": "",
                            "left": "",
                            "isLinked": true
                        },
                        "__globals__": {
                            "background_color": ""
                        },
                        "margin_mobile": {
                            "unit": "px",
                            "top": "0",
                            "right": "0",
                            "bottom": "0",
                            "left": "0",
                            "isLinked": true
                        },
                        "padding_mobile": {
                            "unit": "px",
                            "top": "0",
                            "right": "0",
                            "bottom": "0",
                            "left": "0",
                            "isLinked": true
                        },
                        "_inline_size_tablet": 100,
                        "margin": {
                            "unit": "px",
                            "top": "0",
                            "right": "0",
                            "bottom": "0",
                            "left": "0",
                            "isLinked": true
                        }
                    },
                    "elements": [
                        {
                            "id": "6725b861",
                            "settings": [],
                            "elements": [
                                {
                                    "id": "205cc540",
                                    "settings": {
                                        "_column_size": 100,
                                        "_inline_size": null,
                                        "margin_mobile": {
                                            "unit": "px",
                                            "top": "0",
                                            "right": "0",
                                            "bottom": "0",
                                            "left": "0",
                                            "isLinked": false
                                        },
                                        "padding_mobile": {
                                            "unit": "px",
                                            "top": "0",
                                            "right": "0",
                                            "bottom": "0",
                                            "left": "0",
                                            "isLinked": false
                                        }
                                    },
                                    "elements": [
                                        {
                                            "id": "40048d49",
                                            "settings": {
                                                "nothing_found_message": "It seems we can't find what you're looking for.",
                                                "classic_post_terms_separator": ",",
                                                "classic_thumbnail_size": "full",
                                                "classic_title_html_tag": "h5",
                                                "classic_post_meta_separator": "-",
                                                "classic_button_text": "Read More",
                                                "classic_pagination_prev_label": "&laquo; Previous",
                                                "classic_pagination_next_label": "Next &raquo;",
                                                "classic_thumbnail_hover_filters_css_filter": "custom",
                                                "classic_thumbnail_hover_filters_brightness": {
                                                    "unit": "px",
                                                    "size": 50,
                                                    "sizes": []
                                                },
                                                "classic_terms_typography_font_family": "Imprima",
                                                "classic_terms_bg_color": "#FF00AB",
                                                "classic_terms_text_color": "#E9E9E9",
                                                "classic_terms_padding": {
                                                    "unit": "px",
                                                    "top": "0",
                                                    "right": "5",
                                                    "bottom": "0",
                                                    "left": "5",
                                                    "isLinked": false
                                                },
                                                "classic_title_color": "#E9E9E9",
                                                "classic_title_typography_font_family": "Expletus Sans",
                                                "classic_title_typography_font_size": {
                                                    "unit": "px",
                                                    "size": 32,
                                                    "sizes": []
                                                },
                                                "classic_meta_text_color": "#C3C3C370",
                                                "classic_meta_typography_font_family": "Imprima",
                                                "classic_arrows_size": {
                                                    "unit": "px",
                                                    "size": 20,
                                                    "sizes": []
                                                },
                                                "classic_arrows_bg_color_normal": "#C3C3C300",
                                                "classic_arrows_color_normal": "#040724",
                                                "card_post_terms_separator": ",",
                                                "card_post_meta_separator": "-",
                                                "card_button_text": "Read More",
                                                "card_pagination_prev_label": "&laquo; Previous",
                                                "card_pagination_next_label": "Next &raquo;",
                                                "checkerboard_post_terms_separator": ",",
                                                "checkerboard_post_meta_separator": "-",
                                                "checkerboard_button_text": "Read More",
                                                "checkerboard_pagination_prev_label": "&laquo; Previous",
                                                "checkerboard_pagination_next_label": "Next &raquo;",
                                                "creative_post_terms_separator": ",",
                                                "creative_post_meta_separator": "-",
                                                "creative_button_text": "Read More",
                                                "creative_pagination_prev_label": "&laquo; Previous",
                                                "creative_pagination_next_label": "Next &raquo;",
                                                "event_post_terms_separator": ",",
                                                "event_post_meta_separator": "-",
                                                "event_button_text": "Read More",
                                                "event_pagination_prev_label": "&laquo; Previous",
                                                "event_pagination_next_label": "Next &raquo;",
                                                "news_post_terms_separator": ",",
                                                "news_post_meta_separator": "-",
                                                "news_button_text": "Read More",
                                                "news_pagination_prev_label": "&laquo; Previous",
                                                "news_pagination_next_label": "Next &raquo;",
                                                "overlap_post_terms_separator": ",",
                                                "overlap_post_meta_separator": "-",
                                                "overlap_button_text": "Read More",
                                                "overlap_pagination_prev_label": "&laquo; Previous",
                                                "overlap_pagination_next_label": "Next &raquo;",
                                                "portfolio_post_terms_separator": ",",
                                                "portfolio_post_meta_separator": "-",
                                                "portfolio_button_text": "Read More",
                                                "portfolio_pagination_prev_label": "&laquo; Previous",
                                                "portfolio_pagination_next_label": "Next &raquo;",
                                                "template_post_terms_separator": ",",
                                                "template_post_meta_separator": "-",
                                                "template_button_text": "Read More",
                                                "template_pagination_prev_label": "&laquo; Previous",
                                                "template_pagination_next_label": "Next &raquo;",
                                                "__globals__": {
                                                    "classic_title_color": "globals\/colors?id=87eb952",
                                                    "classic_meta_text_color": "globals\/colors?id=7c0a1d1",
                                                    "classic_arrows_bg_color_normal": "",
                                                    "classic_arrows_color_normal": "globals\/colors?id=87eb952",
                                                    "classic_terms_bg_color": "globals\/colors?id=3b973d2",
                                                    "classic_terms_text_color": "globals\/colors?id=87eb952",
                                                    "classic_title_color_hover": "globals\/colors?id=8186ecd",
                                                    "classic_post_box_bg": "globals\/colors?id=f72d01a",
                                                    "classic_post_box_border_color": "globals\/colors?id=9d9b1c9"
                                                },
                                                "classic_post_box_border_border": "solid",
                                                "classic_post_box_border_width": {
                                                    "unit": "px",
                                                    "top": "5",
                                                    "right": "5",
                                                    "bottom": "5",
                                                    "left": "5",
                                                    "isLinked": true
                                                },
                                                "classic_post_box_border_radius": {
                                                    "unit": "px",
                                                    "top": "0",
                                                    "right": "0",
                                                    "bottom": "0",
                                                    "left": "0",
                                                    "isLinked": true
                                                },
                                                "classic_post_box_padding": {
                                                    "unit": "px",
                                                    "top": "10",
                                                    "right": "10",
                                                    "bottom": "10",
                                                    "left": "10",
                                                    "isLinked": true
                                                },
                                                "classic_terms_typography_font_size": {
                                                    "unit": "px",
                                                    "size": 18,
                                                    "sizes": []
                                                },
                                                "classic_meta_typography_font_size": {
                                                    "unit": "px",
                                                    "size": 18,
                                                    "sizes": []
                                                }
                                            },
                                            "elements": [],
                                            "isInner": false,
                                            "widgetType": "pp-posts",
                                            "elType": "widget"
                                        }
                                    ],
                                    "isInner": true,
                                    "elType": "column"
                                }
                            ],
                            "isInner": true,
                            "elType": "section"
                        }
                    ],
                    "isInner": false,
                    "elType": "column"
                }
            ],
            "isInner": false,
            "elType": "section"
        }
    ]
}