{
    "version": "0.4",
    "title": "Contact Us",
    "type": "page",
    "metadata": {
        "template_type": "single-page",
        "include_in_zip": "1",
        "elementor_pro_required": "1",
        "wp_page_template": "elementor_header_footer"
    },
    "content": [
        {
            "id": "925b77c",
            "settings": {
                "height": "min-height",
                "custom_height": {
                    "unit": "px",
                    "size": 300,
                    "sizes": []
                },
                "background_background": "classic",
                "background_overlay_background": "classic",
                "shape_divider_bottom_width": {
                    "unit": "%",
                    "size": 100,
                    "sizes": []
                },
                "shape_divider_bottom_height": {
                    "unit": "px",
                    "size": 25,
                    "sizes": []
                },
                "__globals__": {
                    "background_overlay_color": "",
                    "background_color": "",
                    "shape_divider_bottom_color": "",
                    "background_color_b": "",
                    "shape_divider_top_color": ""
                },
                "shape_divider_top_width": {
                    "unit": "%",
                    "size": 100,
                    "sizes": []
                },
                "shape_divider_top_height": {
                    "unit": "px",
                    "size": 200,
                    "sizes": []
                },
                "shape_divider_top_flip": "yes",
                "shape_divider_bottom_flip": "yes",
                "shape_divider_top_width_mobile": {
                    "unit": "%",
                    "size": 300,
                    "sizes": []
                },
                "shape_divider_top_height_mobile": {
                    "unit": "px",
                    "size": 230,
                    "sizes": []
                },
                "background_overlay_opacity": {
                    "unit": "px",
                    "size": 0.8000000000000000444089209850062616169452667236328125,
                    "sizes": []
                },
                "overlay_blend_mode": "multiply",
                "shape_divider_top_color": "#35395E",
                "background_image": {
                    "url": "https:\/\/templatekit.rometheme.net\/jackspollock\/wp-content\/uploads\/sites\/19\/2020\/11\/photo-25.jpg",
                    "id": 3082
                },
                "background_attachment": "fixed",
                "background_image_mobile": {
                    "url": "https:\/\/templatekit.rometheme.net\/jackspollock\/wp-content\/uploads\/sites\/19\/2020\/11\/photo-25.jpg",
                    "id": 3082
                },
                "layout": "full_width",
                "gap": "no"
            },
            "elements": [
                {
                    "id": "599e6611",
                    "settings": {
                        "_column_size": 100,
                        "_inline_size": null,
                        "background_background": "classic",
                        "background_position": "center center",
                        "background_size": "cover",
                        "background_overlay_background": "classic",
                        "__globals__": {
                            "background_color": "",
                            "background_overlay_color": ""
                        },
                        "padding": {
                            "unit": "em",
                            "top": "",
                            "right": "",
                            "bottom": "",
                            "left": "",
                            "isLinked": true
                        }
                    },
                    "elements": [
                        {
                            "id": "63ba5c5f",
                            "settings": {
                                "layout": "full_width",
                                "gap": "no",
                                "margin": {
                                    "unit": "px",
                                    "top": "0",
                                    "right": 0,
                                    "bottom": "0",
                                    "left": 0,
                                    "isLinked": false
                                },
                                "padding": {
                                    "unit": "px",
                                    "top": "0",
                                    "right": "0",
                                    "bottom": "0",
                                    "left": "0",
                                    "isLinked": false
                                }
                            },
                            "elements": [
                                {
                                    "id": "552ea6d6",
                                    "settings": {
                                        "_column_size": 100,
                                        "_inline_size": null
                                    },
                                    "elements": [
                                        {
                                            "id": "7e588ed3",
                                            "settings": {
                                                "address": "DARLING BARBOUR ",
                                                "height": {
                                                    "unit": "px",
                                                    "size": 500,
                                                    "sizes": []
                                                },
                                                "css_filters_css_filter": "custom",
                                                "css_filters_brightness": {
                                                    "unit": "px",
                                                    "size": 60,
                                                    "sizes": []
                                                },
                                                "css_filters_contrast": {
                                                    "unit": "px",
                                                    "size": 200,
                                                    "sizes": []
                                                },
                                                "css_filters_saturate": {
                                                    "unit": "px",
                                                    "size": 110,
                                                    "sizes": []
                                                },
                                                "css_filters_hue": {
                                                    "unit": "px",
                                                    "size": 107,
                                                    "sizes": []
                                                },
                                                "css_filters_hover_css_filter": "custom",
                                                "hover_transition": {
                                                    "unit": "px",
                                                    "size": 2,
                                                    "sizes": []
                                                },
                                                "zoom": {
                                                    "unit": "px",
                                                    "size": 14,
                                                    "sizes": []
                                                }
                                            },
                                            "elements": [],
                                            "isInner": false,
                                            "widgetType": "google_maps",
                                            "elType": "widget"
                                        }
                                    ],
                                    "isInner": true,
                                    "elType": "column"
                                }
                            ],
                            "isInner": true,
                            "elType": "section"
                        }
                    ],
                    "isInner": false,
                    "elType": "column"
                }
            ],
            "isInner": false,
            "elType": "section"
        },
        {
            "id": "489f42a0",
            "settings": {
                "background_background": "classic",
                "padding": {
                    "unit": "em",
                    "top": "5",
                    "right": "1",
                    "bottom": "5",
                    "left": "1",
                    "isLinked": false
                },
                "__globals__": {
                    "background_color": "globals\/colors?id=33a517f"
                },
                "background_position": "center center",
                "background_repeat": "no-repeat",
                "background_size": "cover",
                "structure": "20"
            },
            "elements": [
                {
                    "id": "7b71f57",
                    "settings": {
                        "_column_size": 50,
                        "_inline_size": null,
                        "background_background": "classic",
                        "border_radius": {
                            "unit": "px",
                            "top": "10",
                            "right": "10",
                            "bottom": "10",
                            "left": "10",
                            "isLinked": true
                        },
                        "padding": {
                            "unit": "em",
                            "top": "",
                            "right": "",
                            "bottom": "",
                            "left": "",
                            "isLinked": true
                        },
                        "__globals__": {
                            "background_color": "globals\/colors?id=33a517f"
                        },
                        "margin_mobile": {
                            "unit": "px",
                            "top": "0",
                            "right": "0",
                            "bottom": "0",
                            "left": "0",
                            "isLinked": true
                        },
                        "padding_mobile": {
                            "unit": "px",
                            "top": "0",
                            "right": "0",
                            "bottom": "0",
                            "left": "0",
                            "isLinked": true
                        },
                        "background_position": "center center",
                        "background_repeat": "no-repeat",
                        "background_size": "cover",
                        "background_overlay_background": "classic",
                        "background_overlay_position": "center center",
                        "background_overlay_repeat": "no-repeat",
                        "background_overlay_size": "cover",
                        "background_overlay_opacity": {
                            "unit": "px",
                            "size": 0.320000000000000006661338147750939242541790008544921875,
                            "sizes": []
                        },
                        "margin": {
                            "unit": "px",
                            "top": "15",
                            "right": "15",
                            "bottom": "15",
                            "left": "15",
                            "isLinked": true
                        },
                        "_inline_size_tablet": 100
                    },
                    "elements": [
                        {
                            "id": "425d15df",
                            "settings": {
                                "form_name": "New Form",
                                "form_fields": [
                                    {
                                        "custom_id": "name",
                                        "placeholder": "Name",
                                        "_id": "5f1c6f9"
                                    },
                                    {
                                        "custom_id": "email",
                                        "field_type": "email",
                                        "required": "true",
                                        "placeholder": "Email",
                                        "_id": "43e2855"
                                    },
                                    {
                                        "custom_id": "message",
                                        "field_type": "textarea",
                                        "placeholder": "Message",
                                        "_id": "31ef29f"
                                    }
                                ],
                                "input_size": "md",
                                "button_align": "start",
                                "step_next_label": "Next",
                                "step_previous_label": "Previous",
                                "button_text": "SEND MASSAGE",
                                "email_content": "[all-fields]",
                                "email_content_2": "[all-fields]",
                                "success_message": "The form was sent successfully.",
                                "error_message": "An error occurred.",
                                "required_field_message": "This field is required.",
                                "invalid_message": "There's something wrong. The form is invalid.",
                                "row_gap": {
                                    "unit": "px",
                                    "size": 50,
                                    "sizes": []
                                },
                                "label_spacing": {
                                    "unit": "px",
                                    "size": "",
                                    "sizes": []
                                },
                                "label_typography_font_family": "Imprima",
                                "html_spacing": {
                                    "unit": "px",
                                    "size": "",
                                    "sizes": []
                                },
                                "html_typography_font_family": "Imprima",
                                "field_typography_font_family": "Imprima",
                                "field_typography_font_size": {
                                    "unit": "px",
                                    "size": 18,
                                    "sizes": []
                                },
                                "field_border_width": {
                                    "unit": "px",
                                    "top": "2",
                                    "right": "2",
                                    "bottom": "2",
                                    "left": "2",
                                    "isLinked": true
                                },
                                "field_border_radius": {
                                    "unit": "px",
                                    "top": "0",
                                    "right": "0",
                                    "bottom": "0",
                                    "left": "0",
                                    "isLinked": true
                                },
                                "button_typography_font_family": "Imprima",
                                "button_typography_font_weight": "bold",
                                "button_hover_animation": "grow-rotate",
                                "button_border_radius": {
                                    "unit": "px",
                                    "top": "0",
                                    "right": "0",
                                    "bottom": "0",
                                    "left": "0",
                                    "isLinked": true
                                },
                                "message_typography_font_family": "Imprima",
                                "message_typography_font_size": {
                                    "unit": "px",
                                    "size": 18,
                                    "sizes": []
                                },
                                "steps_typography_font_family": "Imprima",
                                "steps_typography_font_size": {
                                    "unit": "px",
                                    "size": 18,
                                    "sizes": []
                                },
                                "__globals__": {
                                    "label_color": "globals\/colors?id=87eb952",
                                    "field_text_color": "globals\/colors?id=87eb952",
                                    "field_background_color": "globals\/colors?id=f72d01a",
                                    "field_border_color": "globals\/colors?id=9d9b1c9",
                                    "button_background_color": "globals\/colors?id=cfa5c7b",
                                    "button_text_color": "globals\/colors?id=87eb952",
                                    "success_message_color": "globals\/colors?id=87eb952",
                                    "error_message_color": "globals\/colors?id=3b973d2"
                                },
                                "button_align_mobile": "center",
                                "label_typography_font_size": {
                                    "unit": "px",
                                    "size": 18,
                                    "sizes": []
                                },
                                "button_typography_font_size": {
                                    "unit": "px",
                                    "size": 18,
                                    "sizes": []
                                }
                            },
                            "elements": [],
                            "isInner": false,
                            "widgetType": "form",
                            "elType": "widget"
                        }
                    ],
                    "isInner": false,
                    "elType": "column"
                },
                {
                    "id": "5e639458",
                    "settings": {
                        "_column_size": 50,
                        "_inline_size": null,
                        "background_background": "classic",
                        "border_radius": {
                            "unit": "px",
                            "top": "10",
                            "right": "10",
                            "bottom": "10",
                            "left": "10",
                            "isLinked": true
                        },
                        "padding": {
                            "unit": "em",
                            "top": "",
                            "right": "",
                            "bottom": "",
                            "left": "",
                            "isLinked": true
                        },
                        "__globals__": {
                            "background_color": ""
                        },
                        "margin_mobile": {
                            "unit": "px",
                            "top": "0",
                            "right": "0",
                            "bottom": "0",
                            "left": "0",
                            "isLinked": true
                        },
                        "padding_mobile": {
                            "unit": "px",
                            "top": "0",
                            "right": "0",
                            "bottom": "0",
                            "left": "0",
                            "isLinked": true
                        },
                        "_inline_size_tablet": 100
                    },
                    "elements": [
                        {
                            "id": "2296978c",
                            "settings": {
                                "margin_mobile": {
                                    "unit": "px",
                                    "top": "0",
                                    "right": 0,
                                    "bottom": "0",
                                    "left": 0,
                                    "isLinked": false
                                },
                                "padding_mobile": {
                                    "unit": "px",
                                    "top": "30",
                                    "right": "0",
                                    "bottom": "0",
                                    "left": "0",
                                    "isLinked": false
                                }
                            },
                            "elements": [
                                {
                                    "id": "1f437088",
                                    "settings": {
                                        "_column_size": 100,
                                        "_inline_size": null,
                                        "margin_mobile": {
                                            "unit": "px",
                                            "top": "0",
                                            "right": "0",
                                            "bottom": "0",
                                            "left": "0",
                                            "isLinked": false
                                        },
                                        "padding_mobile": {
                                            "unit": "px",
                                            "top": "0",
                                            "right": "0",
                                            "bottom": "0",
                                            "left": "0",
                                            "isLinked": false
                                        }
                                    },
                                    "elements": [
                                        {
                                            "id": "7086dc8c",
                                            "settings": {
                                                "title": "CONTACT US",
                                                "align": "left",
                                                "typography_font_family": "Expletus Sans",
                                                "typography_font_size": {
                                                    "unit": "px",
                                                    "size": 32,
                                                    "sizes": []
                                                },
                                                "__globals__": {
                                                    "title_color": "globals\/colors?id=87eb952"
                                                },
                                                "header_size": "h5",
                                                "typography_font_size_mobile": {
                                                    "unit": "px",
                                                    "size": 50,
                                                    "sizes": []
                                                },
                                                "align_tablet": "center",
                                                "_margin_mobile": {
                                                    "unit": "px",
                                                    "top": "30",
                                                    "right": "0",
                                                    "bottom": "0",
                                                    "left": "0",
                                                    "isLinked": false
                                                },
                                                "_padding_mobile": {
                                                    "unit": "px",
                                                    "top": "0",
                                                    "right": "0",
                                                    "bottom": "0",
                                                    "left": "0",
                                                    "isLinked": false
                                                }
                                            },
                                            "elements": [],
                                            "isInner": false,
                                            "widgetType": "heading",
                                            "elType": "widget"
                                        },
                                        {
                                            "id": "45260b8d",
                                            "settings": {
                                                "editor": "<p>Duis aute irure dolor in reprehenderit in voluptate velit esse cillum dolore eu fugiat nulla pariatur excepteur sint occaecat cupidatat proident, sunt in culpa qui officia.<\/p>",
                                                "align": "left",
                                                "typography_font_family": "Imprima",
                                                "typography_font_size": {
                                                    "unit": "px",
                                                    "size": 18,
                                                    "sizes": []
                                                },
                                                "__globals__": {
                                                    "text_color": "globals\/colors?id=8186ecd",
                                                    "_background_color": ""
                                                },
                                                "align_mobile": "center",
                                                "align_tablet": "center",
                                                "_background_background": "classic",
                                                "_offset_x": {
                                                    "size": 7,
                                                    "unit": "px"
                                                },
                                                "_offset_y": {
                                                    "size": -216,
                                                    "unit": "px"
                                                }
                                            },
                                            "elements": [],
                                            "isInner": false,
                                            "widgetType": "text-editor",
                                            "elType": "widget"
                                        }
                                    ],
                                    "isInner": true,
                                    "elType": "column"
                                }
                            ],
                            "isInner": true,
                            "elType": "section"
                        },
                        {
                            "id": "1ed504fd",
                            "settings": {
                                "structure": "20",
                                "padding": {
                                    "unit": "px",
                                    "top": "0",
                                    "right": "0",
                                    "bottom": "0",
                                    "left": "0",
                                    "isLinked": false
                                },
                                "margin_mobile": {
                                    "unit": "px",
                                    "top": "0",
                                    "right": 0,
                                    "bottom": "0",
                                    "left": 0,
                                    "isLinked": false
                                },
                                "padding_mobile": {
                                    "unit": "px",
                                    "top": "30",
                                    "right": "0",
                                    "bottom": "0",
                                    "left": "0",
                                    "isLinked": false
                                }
                            },
                            "elements": [
                                {
                                    "id": "684e8932",
                                    "settings": {
                                        "_column_size": 50,
                                        "_inline_size": null,
                                        "margin_mobile": {
                                            "unit": "px",
                                            "top": "0",
                                            "right": "0",
                                            "bottom": "0",
                                            "left": "0",
                                            "isLinked": false
                                        },
                                        "padding_mobile": {
                                            "unit": "px",
                                            "top": "0",
                                            "right": "0",
                                            "bottom": "0",
                                            "left": "0",
                                            "isLinked": false
                                        }
                                    },
                                    "elements": [
                                        {
                                            "id": "77a18dc6",
                                            "settings": {
                                                "title": "SYDNEY",
                                                "header_size": "h6",
                                                "typography_font_family": "Imprima",
                                                "typography_font_size": {
                                                    "unit": "px",
                                                    "size": 18,
                                                    "sizes": []
                                                },
                                                "__globals__": {
                                                    "title_color": "globals\/colors?id=87eb952"
                                                },
                                                "align_tablet": "center",
                                                "_margin": {
                                                    "unit": "px",
                                                    "top": "0",
                                                    "right": "0",
                                                    "bottom": "0",
                                                    "left": "0",
                                                    "isLinked": false
                                                },
                                                "_padding": {
                                                    "unit": "px",
                                                    "top": "0",
                                                    "right": "0",
                                                    "bottom": "0",
                                                    "left": "0",
                                                    "isLinked": false
                                                },
                                                "typography_font_weight": "bold"
                                            },
                                            "elements": [],
                                            "isInner": false,
                                            "widgetType": "heading",
                                            "elType": "widget"
                                        },
                                        {
                                            "id": "28475afe",
                                            "settings": {
                                                "icon_list": [
                                                    {
                                                        "text": "Darl Harbour, Sydney Suite 12",
                                                        "selected_icon": {
                                                            "value": "",
                                                            "library": ""
                                                        },
                                                        "_id": "628965b"
                                                    },
                                                    {
                                                        "text": "www.rometheme.net",
                                                        "selected_icon": {
                                                            "value": "",
                                                            "library": ""
                                                        },
                                                        "_id": "a68e423"
                                                    },
                                                    {
                                                        "text": "jumpkinsmusic@mail.com",
                                                        "selected_icon": {
                                                            "value": "",
                                                            "library": ""
                                                        },
                                                        "_id": "5f17e1a"
                                                    },
                                                    {
                                                        "text": "(808) +123 4567 | 88 001 32",
                                                        "selected_icon": {
                                                            "value": "",
                                                            "library": ""
                                                        },
                                                        "_id": "922ae2c"
                                                    }
                                                ],
                                                "icon_align_tablet": "center",
                                                "icon_color": "#FF00AB",
                                                "icon_color_hover": "#00A2FF",
                                                "text_color": "#C3C3C3",
                                                "icon_typography_font_family": "Imprima",
                                                "icon_typography_font_size": {
                                                    "unit": "px",
                                                    "size": 18,
                                                    "sizes": []
                                                },
                                                "icon_typography_font_weight": "bold",
                                                "_margin": {
                                                    "unit": "px",
                                                    "top": "0",
                                                    "right": "0",
                                                    "bottom": "0",
                                                    "left": "0",
                                                    "isLinked": false
                                                },
                                                "__globals__": {
                                                    "icon_color": "globals\/colors?id=3b973d2",
                                                    "icon_color_hover": "globals\/colors?id=cfa5c7b",
                                                    "text_color": "globals\/colors?id=8186ecd",
                                                    "text_color_hover": ""
                                                }
                                            },
                                            "elements": [],
                                            "isInner": false,
                                            "widgetType": "icon-list",
                                            "elType": "widget"
                                        }
                                    ],
                                    "isInner": true,
                                    "elType": "column"
                                },
                                {
                                    "id": "4a629d1d",
                                    "settings": {
                                        "_column_size": 50,
                                        "_inline_size": null
                                    },
                                    "elements": [
                                        {
                                            "id": "40da75a0",
                                            "settings": {
                                                "title": "VENICE",
                                                "header_size": "h6",
                                                "typography_font_family": "Imprima",
                                                "typography_font_size": {
                                                    "unit": "px",
                                                    "size": 18,
                                                    "sizes": []
                                                },
                                                "__globals__": {
                                                    "title_color": "globals\/colors?id=87eb952"
                                                },
                                                "align_tablet": "center",
                                                "_margin": {
                                                    "unit": "px",
                                                    "top": "0",
                                                    "right": "0",
                                                    "bottom": "0",
                                                    "left": "0",
                                                    "isLinked": false
                                                },
                                                "_padding": {
                                                    "unit": "px",
                                                    "top": "0",
                                                    "right": "0",
                                                    "bottom": "0",
                                                    "left": "0",
                                                    "isLinked": false
                                                },
                                                "typography_font_weight": "bold"
                                            },
                                            "elements": [],
                                            "isInner": false,
                                            "widgetType": "heading",
                                            "elType": "widget"
                                        },
                                        {
                                            "id": "3c022669",
                                            "settings": {
                                                "icon_list": [
                                                    {
                                                        "text": "San't Erasmo, Vencie Suite 86",
                                                        "selected_icon": {
                                                            "value": "",
                                                            "library": ""
                                                        },
                                                        "_id": "628965b"
                                                    },
                                                    {
                                                        "text": "www.rometheme.net",
                                                        "selected_icon": {
                                                            "value": "",
                                                            "library": ""
                                                        },
                                                        "_id": "a68e423"
                                                    },
                                                    {
                                                        "text": "jumpkinsmusic@mail.com",
                                                        "selected_icon": {
                                                            "value": "",
                                                            "library": ""
                                                        },
                                                        "_id": "5f17e1a"
                                                    },
                                                    {
                                                        "text": "(808) +123 4567 | 88 001 32",
                                                        "selected_icon": {
                                                            "value": "",
                                                            "library": ""
                                                        },
                                                        "_id": "922ae2c"
                                                    }
                                                ],
                                                "icon_align_tablet": "center",
                                                "icon_color": "#FF00AB",
                                                "icon_color_hover": "#00A2FF",
                                                "text_color": "#C3C3C3",
                                                "icon_typography_font_family": "Imprima",
                                                "icon_typography_font_size": {
                                                    "unit": "px",
                                                    "size": 18,
                                                    "sizes": []
                                                },
                                                "icon_typography_font_weight": "bold",
                                                "_margin": {
                                                    "unit": "px",
                                                    "top": "0",
                                                    "right": "0",
                                                    "bottom": "0",
                                                    "left": "0",
                                                    "isLinked": false
                                                },
                                                "__globals__": {
                                                    "icon_color": "globals\/colors?id=3b973d2",
                                                    "icon_color_hover": "globals\/colors?id=cfa5c7b",
                                                    "text_color": "globals\/colors?id=8186ecd",
                                                    "text_color_hover": ""
                                                }
                                            },
                                            "elements": [],
                                            "isInner": false,
                                            "widgetType": "icon-list",
                                            "elType": "widget"
                                        }
                                    ],
                                    "isInner": true,
                                    "elType": "column"
                                }
                            ],
                            "isInner": true,
                            "elType": "section"
                        },
                        {
                            "id": "61958d10",
                            "settings": {
                                "padding": {
                                    "unit": "px",
                                    "top": "20",
                                    "right": "0",
                                    "bottom": "0",
                                    "left": "0",
                                    "isLinked": false
                                }
                            },
                            "elements": [
                                {
                                    "id": "57ad7838",
                                    "settings": {
                                        "_column_size": 100,
                                        "_inline_size": null,
                                        "margin_mobile": {
                                            "unit": "px",
                                            "top": "0",
                                            "right": "0",
                                            "bottom": "0",
                                            "left": "0",
                                            "isLinked": false
                                        },
                                        "padding_mobile": {
                                            "unit": "px",
                                            "top": "0",
                                            "right": "0",
                                            "bottom": "0",
                                            "left": "0",
                                            "isLinked": false
                                        }
                                    },
                                    "elements": [
                                        {
                                            "id": "75779cd3",
                                            "settings": {
                                                "title": "Subscribe &amp; Discover Info Music Event",
                                                "header_size": "h6",
                                                "typography_font_family": "Imprima",
                                                "typography_font_size": {
                                                    "unit": "px",
                                                    "size": 18,
                                                    "sizes": []
                                                },
                                                "typography_font_weight": "bold",
                                                "__globals__": {
                                                    "title_color": "globals\/colors?id=87eb952"
                                                },
                                                "align_tablet": "center"
                                            },
                                            "elements": [],
                                            "isInner": false,
                                            "widgetType": "heading",
                                            "elType": "widget"
                                        },
                                        {
                                            "id": "daaed8d",
                                            "settings": {
                                                "social_icon_list": [
                                                    {
                                                        "social_icon": {
                                                            "value": "fab fa-apple",
                                                            "library": "fa-brands"
                                                        },
                                                        "_id": "4a9a207"
                                                    },
                                                    {
                                                        "social_icon": {
                                                            "value": "fab fa-youtube",
                                                            "library": "fa-brands"
                                                        },
                                                        "_id": "294f144"
                                                    },
                                                    {
                                                        "social_icon": {
                                                            "value": "fab fa-soundcloud",
                                                            "library": "fa-brands"
                                                        },
                                                        "_id": "07721ba"
                                                    },
                                                    {
                                                        "social_icon": {
                                                            "value": "fab fa-spotify",
                                                            "library": "fa-brands"
                                                        },
                                                        "_id": "1d8703d"
                                                    }
                                                ],
                                                "align": "left",
                                                "icon_color": "custom",
                                                "icon_size": {
                                                    "unit": "px",
                                                    "size": 15,
                                                    "sizes": []
                                                },
                                                "icon_spacing": {
                                                    "unit": "px",
                                                    "size": 15,
                                                    "sizes": []
                                                },
                                                "border_radius": {
                                                    "unit": "px",
                                                    "top": "0",
                                                    "right": "0",
                                                    "bottom": "0",
                                                    "left": "0",
                                                    "isLinked": true
                                                },
                                                "hover_animation": "float",
                                                "_margin": {
                                                    "unit": "px",
                                                    "top": "0",
                                                    "right": "0",
                                                    "bottom": "10",
                                                    "left": "0",
                                                    "isLinked": false
                                                },
                                                "__globals__": {
                                                    "icon_primary_color": "globals\/colors?id=cfa5c7b",
                                                    "icon_secondary_color": "globals\/colors?id=87eb952",
                                                    "hover_primary_color": "globals\/colors?id=137e974",
                                                    "hover_secondary_color": "globals\/colors?id=87eb952"
                                                },
                                                "align_tablet": "center"
                                            },
                                            "elements": [],
                                            "isInner": false,
                                            "widgetType": "social-icons",
                                            "elType": "widget"
                                        }
                                    ],
                                    "isInner": true,
                                    "elType": "column"
                                }
                            ],
                            "isInner": true,
                            "elType": "section"
                        }
                    ],
                    "isInner": false,
                    "elType": "column"
                }
            ],
            "isInner": false,
            "elType": "section"
        },
        {
            "id": "13680c71",
            "settings": {
                "background_background": "classic",
                "padding": {
                    "unit": "em",
                    "top": "1",
                    "right": "1",
                    "bottom": "5",
                    "left": "1",
                    "isLinked": false
                },
                "__globals__": {
                    "background_color": "globals\/colors?id=33a517f"
                },
                "background_position": "center center",
                "background_repeat": "no-repeat",
                "background_size": "cover"
            },
            "elements": [
                {
                    "id": "63aed926",
                    "settings": {
                        "_column_size": 100,
                        "_inline_size": null,
                        "background_background": "classic",
                        "border_radius": {
                            "unit": "px",
                            "top": "10",
                            "right": "10",
                            "bottom": "10",
                            "left": "10",
                            "isLinked": true
                        },
                        "padding": {
                            "unit": "em",
                            "top": "",
                            "right": "",
                            "bottom": "",
                            "left": "",
                            "isLinked": true
                        },
                        "__globals__": {
                            "background_color": ""
                        },
                        "margin_mobile": {
                            "unit": "px",
                            "top": "0",
                            "right": "0",
                            "bottom": "0",
                            "left": "0",
                            "isLinked": true
                        },
                        "padding_mobile": {
                            "unit": "px",
                            "top": "0",
                            "right": "0",
                            "bottom": "0",
                            "left": "0",
                            "isLinked": true
                        }
                    },
                    "elements": [
                        {
                            "id": "635692af",
                            "settings": {
                                "padding_mobile": {
                                    "unit": "px",
                                    "top": "0",
                                    "right": "0",
                                    "bottom": "30",
                                    "left": "0",
                                    "isLinked": false
                                }
                            },
                            "elements": [
                                {
                                    "id": "37050fa4",
                                    "settings": {
                                        "_column_size": 100,
                                        "_inline_size": null
                                    },
                                    "elements": [
                                        {
                                            "id": "d8aae",
                                            "settings": {
                                                "text": "Divider",
                                                "__globals__": {
                                                    "color": "globals\/colors?id=87eb952"
                                                }
                                            },
                                            "elements": [],
                                            "isInner": false,
                                            "widgetType": "divider",
                                            "elType": "widget"
                                        }
                                    ],
                                    "isInner": true,
                                    "elType": "column"
                                }
                            ],
                            "isInner": true,
                            "elType": "section"
                        },
                        {
                            "id": "17b52fdc",
                            "settings": {
                                "structure": "40",
                                "padding": {
                                    "unit": "px",
                                    "top": "0",
                                    "right": "0",
                                    "bottom": "0",
                                    "left": "0",
                                    "isLinked": false
                                }
                            },
                            "elements": [
                                {
                                    "id": "d518a05",
                                    "settings": {
                                        "_column_size": 25,
                                        "_inline_size": null,
                                        "margin": {
                                            "unit": "px",
                                            "top": "15",
                                            "right": "15",
                                            "bottom": "15",
                                            "left": "15",
                                            "isLinked": true
                                        },
                                        "_inline_size_tablet": 50,
                                        "margin_mobile": {
                                            "unit": "px",
                                            "top": "0",
                                            "right": "0",
                                            "bottom": "0",
                                            "left": "0",
                                            "isLinked": false
                                        },
                                        "padding_mobile": {
                                            "unit": "px",
                                            "top": "0",
                                            "right": "0",
                                            "bottom": "0",
                                            "left": "0",
                                            "isLinked": false
                                        }
                                    },
                                    "elements": [
                                        {
                                            "id": "4743477c",
                                            "settings": {
                                                "title": "Press",
                                                "header_size": "h5",
                                                "typography_font_family": "Expletus Sans",
                                                "typography_font_size": {
                                                    "unit": "px",
                                                    "size": 32,
                                                    "sizes": []
                                                },
                                                "__globals__": {
                                                    "title_color": "globals\/colors?id=3b973d2"
                                                },
                                                "align_mobile": "center"
                                            },
                                            "elements": [],
                                            "isInner": false,
                                            "widgetType": "heading",
                                            "elType": "widget"
                                        },
                                        {
                                            "id": "3d42f310",
                                            "settings": {
                                                "title": "MARTYN GARRYLX",
                                                "header_size": "h6",
                                                "typography_font_family": "Imprima",
                                                "typography_font_weight": "bold",
                                                "_margin": {
                                                    "unit": "px",
                                                    "top": "-15",
                                                    "right": "0",
                                                    "bottom": "0",
                                                    "left": "0",
                                                    "isLinked": false
                                                },
                                                "__globals__": {
                                                    "title_color": "globals\/colors?id=87eb952"
                                                },
                                                "align_mobile": "center"
                                            },
                                            "elements": [],
                                            "isInner": false,
                                            "widgetType": "heading",
                                            "elType": "widget"
                                        },
                                        {
                                            "id": "2bd415da",
                                            "settings": {
                                                "selected_icon": {
                                                    "value": "fas fa-info",
                                                    "library": "fa-solid"
                                                },
                                                "title_text": "martyngarrylx@mail.com",
                                                "description_text": "(808) 123 4567 0000",
                                                "position": "left",
                                                "title_size": "h6",
                                                "hover_animation": "float",
                                                "icon_space": {
                                                    "unit": "px",
                                                    "size": 0,
                                                    "sizes": []
                                                },
                                                "content_vertical_alignment": "middle",
                                                "title_bottom_space": {
                                                    "unit": "px",
                                                    "size": 0,
                                                    "sizes": []
                                                },
                                                "title_typography_font_family": "Imprima",
                                                "title_typography_font_size": {
                                                    "unit": "px",
                                                    "size": 18,
                                                    "sizes": []
                                                },
                                                "description_typography_font_family": "Imprima",
                                                "description_typography_font_size": {
                                                    "unit": "px",
                                                    "size": 18,
                                                    "sizes": []
                                                },
                                                "__globals__": {
                                                    "primary_color": "globals\/colors?id=87eb952",
                                                    "title_color": "globals\/colors?id=8186ecd",
                                                    "description_color": "globals\/colors?id=8186ecd"
                                                }
                                            },
                                            "elements": [],
                                            "isInner": false,
                                            "widgetType": "icon-box",
                                            "elType": "widget"
                                        }
                                    ],
                                    "isInner": true,
                                    "elType": "column"
                                },
                                {
                                    "id": "5bdada6",
                                    "settings": {
                                        "_column_size": 25,
                                        "_inline_size": null,
                                        "margin": {
                                            "unit": "px",
                                            "top": "15",
                                            "right": "15",
                                            "bottom": "15",
                                            "left": "15",
                                            "isLinked": true
                                        },
                                        "_inline_size_tablet": 50,
                                        "margin_mobile": {
                                            "unit": "px",
                                            "top": "0",
                                            "right": "0",
                                            "bottom": "0",
                                            "left": "0",
                                            "isLinked": false
                                        },
                                        "padding_mobile": {
                                            "unit": "px",
                                            "top": "0",
                                            "right": "0",
                                            "bottom": "0",
                                            "left": "0",
                                            "isLinked": false
                                        }
                                    },
                                    "elements": [
                                        {
                                            "id": "7f6157b9",
                                            "settings": {
                                                "title": "Management",
                                                "header_size": "h5",
                                                "typography_font_family": "Expletus Sans",
                                                "typography_font_size": {
                                                    "unit": "px",
                                                    "size": 32,
                                                    "sizes": []
                                                },
                                                "__globals__": {
                                                    "title_color": "globals\/colors?id=3b973d2"
                                                },
                                                "align_mobile": "center",
                                                "_margin_mobile": {
                                                    "unit": "px",
                                                    "top": "30",
                                                    "right": "0",
                                                    "bottom": "0",
                                                    "left": "0",
                                                    "isLinked": false
                                                },
                                                "_padding_mobile": {
                                                    "unit": "px",
                                                    "top": "0",
                                                    "right": "0",
                                                    "bottom": "0",
                                                    "left": "0",
                                                    "isLinked": false
                                                }
                                            },
                                            "elements": [],
                                            "isInner": false,
                                            "widgetType": "heading",
                                            "elType": "widget"
                                        },
                                        {
                                            "id": "36ed9bc7",
                                            "settings": {
                                                "title": "MARIO ROBERT",
                                                "header_size": "h6",
                                                "typography_font_family": "Imprima",
                                                "typography_font_weight": "bold",
                                                "_margin": {
                                                    "unit": "px",
                                                    "top": "-15",
                                                    "right": "0",
                                                    "bottom": "0",
                                                    "left": "0",
                                                    "isLinked": false
                                                },
                                                "__globals__": {
                                                    "title_color": "globals\/colors?id=87eb952"
                                                },
                                                "align_mobile": "center"
                                            },
                                            "elements": [],
                                            "isInner": false,
                                            "widgetType": "heading",
                                            "elType": "widget"
                                        },
                                        {
                                            "id": "4685e44",
                                            "settings": {
                                                "selected_icon": {
                                                    "value": "fas fa-info",
                                                    "library": "fa-solid"
                                                },
                                                "title_text": "mario89rob@mail.com",
                                                "description_text": "(808) 123 4567 0000",
                                                "position": "left",
                                                "title_size": "h6",
                                                "hover_animation": "float",
                                                "icon_space": {
                                                    "unit": "px",
                                                    "size": 0,
                                                    "sizes": []
                                                },
                                                "content_vertical_alignment": "middle",
                                                "title_bottom_space": {
                                                    "unit": "px",
                                                    "size": 0,
                                                    "sizes": []
                                                },
                                                "title_typography_font_family": "Imprima",
                                                "title_typography_font_size": {
                                                    "unit": "px",
                                                    "size": 18,
                                                    "sizes": []
                                                },
                                                "description_typography_font_family": "Imprima",
                                                "description_typography_font_size": {
                                                    "unit": "px",
                                                    "size": 18,
                                                    "sizes": []
                                                },
                                                "__globals__": {
                                                    "primary_color": "globals\/colors?id=87eb952",
                                                    "title_color": "globals\/colors?id=8186ecd",
                                                    "description_color": "globals\/colors?id=8186ecd"
                                                }
                                            },
                                            "elements": [],
                                            "isInner": false,
                                            "widgetType": "icon-box",
                                            "elType": "widget"
                                        }
                                    ],
                                    "isInner": true,
                                    "elType": "column"
                                },
                                {
                                    "id": "2cf74aea",
                                    "settings": {
                                        "_column_size": 25,
                                        "_inline_size": null,
                                        "margin": {
                                            "unit": "px",
                                            "top": "15",
                                            "right": "15",
                                            "bottom": "15",
                                            "left": "15",
                                            "isLinked": true
                                        },
                                        "_inline_size_tablet": 50,
                                        "margin_mobile": {
                                            "unit": "px",
                                            "top": "0",
                                            "right": "0",
                                            "bottom": "0",
                                            "left": "0",
                                            "isLinked": false
                                        },
                                        "padding_mobile": {
                                            "unit": "px",
                                            "top": "0",
                                            "right": "0",
                                            "bottom": "0",
                                            "left": "0",
                                            "isLinked": false
                                        }
                                    },
                                    "elements": [
                                        {
                                            "id": "42ff7efc",
                                            "settings": {
                                                "title": "Booking",
                                                "header_size": "h5",
                                                "typography_font_family": "Expletus Sans",
                                                "typography_font_size": {
                                                    "unit": "px",
                                                    "size": 32,
                                                    "sizes": []
                                                },
                                                "__globals__": {
                                                    "title_color": "globals\/colors?id=3b973d2"
                                                },
                                                "align_mobile": "center",
                                                "_margin_mobile": {
                                                    "unit": "px",
                                                    "top": "30",
                                                    "right": "0",
                                                    "bottom": "0",
                                                    "left": "0",
                                                    "isLinked": false
                                                },
                                                "_padding_mobile": {
                                                    "unit": "px",
                                                    "top": "0",
                                                    "right": "0",
                                                    "bottom": "0",
                                                    "left": "0",
                                                    "isLinked": false
                                                }
                                            },
                                            "elements": [],
                                            "isInner": false,
                                            "widgetType": "heading",
                                            "elType": "widget"
                                        },
                                        {
                                            "id": "42e2869d",
                                            "settings": {
                                                "title": "VINCENT SKATES",
                                                "header_size": "h6",
                                                "typography_font_family": "Imprima",
                                                "typography_font_weight": "bold",
                                                "_margin": {
                                                    "unit": "px",
                                                    "top": "-15",
                                                    "right": "0",
                                                    "bottom": "0",
                                                    "left": "0",
                                                    "isLinked": false
                                                },
                                                "__globals__": {
                                                    "title_color": "globals\/colors?id=87eb952"
                                                },
                                                "align_mobile": "center"
                                            },
                                            "elements": [],
                                            "isInner": false,
                                            "widgetType": "heading",
                                            "elType": "widget"
                                        },
                                        {
                                            "id": "4d1ab902",
                                            "settings": {
                                                "selected_icon": {
                                                    "value": "fas fa-info",
                                                    "library": "fa-solid"
                                                },
                                                "title_text": "skate_vincent@mail.com",
                                                "description_text": "(808) 123 4567 0000",
                                                "position": "left",
                                                "title_size": "h6",
                                                "hover_animation": "float",
                                                "icon_space": {
                                                    "unit": "px",
                                                    "size": 0,
                                                    "sizes": []
                                                },
                                                "content_vertical_alignment": "middle",
                                                "title_bottom_space": {
                                                    "unit": "px",
                                                    "size": 0,
                                                    "sizes": []
                                                },
                                                "title_typography_font_family": "Imprima",
                                                "title_typography_font_size": {
                                                    "unit": "px",
                                                    "size": 18,
                                                    "sizes": []
                                                },
                                                "description_typography_font_family": "Imprima",
                                                "description_typography_font_size": {
                                                    "unit": "px",
                                                    "size": 18,
                                                    "sizes": []
                                                },
                                                "__globals__": {
                                                    "primary_color": "globals\/colors?id=87eb952",
                                                    "title_color": "globals\/colors?id=8186ecd",
                                                    "description_color": "globals\/colors?id=8186ecd"
                                                }
                                            },
                                            "elements": [],
                                            "isInner": false,
                                            "widgetType": "icon-box",
                                            "elType": "widget"
                                        }
                                    ],
                                    "isInner": true,
                                    "elType": "column"
                                },
                                {
                                    "id": "7288d1e0",
                                    "settings": {
                                        "_column_size": 25,
                                        "_inline_size": null,
                                        "margin": {
                                            "unit": "px",
                                            "top": "15",
                                            "right": "15",
                                            "bottom": "15",
                                            "left": "15",
                                            "isLinked": true
                                        },
                                        "_inline_size_tablet": 50,
                                        "margin_mobile": {
                                            "unit": "px",
                                            "top": "0",
                                            "right": "0",
                                            "bottom": "0",
                                            "left": "0",
                                            "isLinked": false
                                        },
                                        "padding_mobile": {
                                            "unit": "px",
                                            "top": "0",
                                            "right": "0",
                                            "bottom": "0",
                                            "left": "0",
                                            "isLinked": false
                                        }
                                    },
                                    "elements": [
                                        {
                                            "id": "775c0ff0",
                                            "settings": {
                                                "title": "Label",
                                                "header_size": "h5",
                                                "typography_font_family": "Expletus Sans",
                                                "typography_font_size": {
                                                    "unit": "px",
                                                    "size": 32,
                                                    "sizes": []
                                                },
                                                "__globals__": {
                                                    "title_color": "globals\/colors?id=cfa5c7b"
                                                },
                                                "align_mobile": "center",
                                                "_margin_mobile": {
                                                    "unit": "px",
                                                    "top": "30",
                                                    "right": "0",
                                                    "bottom": "0",
                                                    "left": "0",
                                                    "isLinked": false
                                                },
                                                "_padding_mobile": {
                                                    "unit": "px",
                                                    "top": "0",
                                                    "right": "0",
                                                    "bottom": "0",
                                                    "left": "0",
                                                    "isLinked": false
                                                }
                                            },
                                            "elements": [],
                                            "isInner": false,
                                            "widgetType": "heading",
                                            "elType": "widget"
                                        },
                                        {
                                            "id": "1e81245f",
                                            "settings": {
                                                "title": "ROMETHEME",
                                                "header_size": "h6",
                                                "typography_font_family": "Imprima",
                                                "typography_font_weight": "bold",
                                                "_margin": {
                                                    "unit": "px",
                                                    "top": "-15",
                                                    "right": "0",
                                                    "bottom": "0",
                                                    "left": "0",
                                                    "isLinked": false
                                                },
                                                "__globals__": {
                                                    "title_color": "globals\/colors?id=87eb952"
                                                },
                                                "align_mobile": "center"
                                            },
                                            "elements": [],
                                            "isInner": false,
                                            "widgetType": "heading",
                                            "elType": "widget"
                                        },
                                        {
                                            "id": "65ca8433",
                                            "settings": {
                                                "selected_icon": {
                                                    "value": "fas fa-info",
                                                    "library": "fa-solid"
                                                },
                                                "title_text": "rometheme@mail.com",
                                                "description_text": "(808) 123 4567 0000",
                                                "position": "left",
                                                "title_size": "h6",
                                                "hover_animation": "float",
                                                "icon_space": {
                                                    "unit": "px",
                                                    "size": 0,
                                                    "sizes": []
                                                },
                                                "content_vertical_alignment": "middle",
                                                "title_bottom_space": {
                                                    "unit": "px",
                                                    "size": 0,
                                                    "sizes": []
                                                },
                                                "title_typography_font_family": "Imprima",
                                                "title_typography_font_size": {
                                                    "unit": "px",
                                                    "size": 18,
                                                    "sizes": []
                                                },
                                                "description_typography_font_family": "Imprima",
                                                "description_typography_font_size": {
                                                    "unit": "px",
                                                    "size": 18,
                                                    "sizes": []
                                                },
                                                "__globals__": {
                                                    "primary_color": "globals\/colors?id=87eb952",
                                                    "title_color": "globals\/colors?id=8186ecd",
                                                    "description_color": "globals\/colors?id=8186ecd"
                                                }
                                            },
                                            "elements": [],
                                            "isInner": false,
                                            "widgetType": "icon-box",
                                            "elType": "widget"
                                        }
                                    ],
                                    "isInner": true,
                                    "elType": "column"
                                }
                            ],
                            "isInner": true,
                            "elType": "section"
                        }
                    ],
                    "isInner": false,
                    "elType": "column"
                }
            ],
            "isInner": false,
            "elType": "section"
        }
    ]
}