{
    "version": "0.4",
    "title": "Footer",
    "type": "section",
    "metadata": {
        "template_type": "section-footer",
        "include_in_zip": "1",
        "elementor_pro_required": "1",
        "wp_page_template": "elementor_canvas"
    },
    "content": [
        {
            "id": "2cb96b01",
            "settings": {
                "gap": "no",
                "content_position": "middle",
                "background_background": "classic",
                "margin": {
                    "unit": "px",
                    "top": "",
                    "right": 0,
                    "bottom": "",
                    "left": 0,
                    "isLinked": true
                },
                "padding": {
                    "unit": "px",
                    "top": "70",
                    "right": "0",
                    "bottom": "70",
                    "left": "0",
                    "isLinked": false
                },
                "padding_tablet": {
                    "unit": "px",
                    "top": "50",
                    "right": "25",
                    "bottom": "50",
                    "left": "25",
                    "isLinked": false
                },
                "padding_mobile": {
                    "unit": "px",
                    "top": "50",
                    "right": "20",
                    "bottom": "50",
                    "left": "20",
                    "isLinked": false
                },
                "_timestamp_": "v1TUQwc2ZpbGpOYzZ3VFY0bXk5S09sUT09",
                "__globals__": {
                    "background_color": "globals\/colors?id=33a517f",
                    "background_overlay_color": ""
                },
                "background_overlay_background": "classic",
                "background_overlay_image": {
                    "url": "https:\/\/templatekit.rometheme.net\/jumpkins\/wp-content\/uploads\/sites\/22\/2020\/12\/photo-11.jpg",
                    "id": 4070
                },
                "background_overlay_position": "bottom center",
                "background_overlay_size": "cover",
                "background_overlay_opacity": {
                    "unit": "px",
                    "size": 0.40000000000000002220446049250313080847263336181640625,
                    "sizes": []
                },
                "background_overlay_repeat": "no-repeat"
            },
            "elements": [
                {
                    "id": "6e6cc127",
                    "settings": {
                        "_column_size": 100,
                        "padding": {
                            "unit": "%",
                            "top": "0",
                            "right": "25",
                            "bottom": "0",
                            "left": "25",
                            "isLinked": false
                        },
                        "padding_tablet": {
                            "unit": "px",
                            "top": "0",
                            "right": "100",
                            "bottom": "0",
                            "left": "100",
                            "isLinked": false
                        },
                        "padding_mobile": {
                            "unit": "px",
                            "top": "0",
                            "right": "0",
                            "bottom": "0",
                            "left": "0",
                            "isLinked": true
                        },
                        "margin_mobile": {
                            "unit": "px",
                            "top": "0",
                            "right": "0",
                            "bottom": "0",
                            "left": "0",
                            "isLinked": false
                        }
                    },
                    "elements": [
                        {
                            "id": "1302f935",
                            "settings": {
                                "image": {
                                    "url": "https:\/\/templatekit.rometheme.net\/jumpkins\/wp-content\/uploads\/sites\/22\/2020\/12\/logo-7.png",
                                    "id": 2880
                                },
                                "image_size": "full",
                                "image_custom_dimension": {
                                    "width": "300",
                                    "height": "100"
                                }
                            },
                            "elements": [],
                            "isInner": false,
                            "widgetType": "image",
                            "elType": "widget"
                        },
                        {
                            "id": "5dffdfaa",
                            "settings": {
                                "title": "SUBSCRIBE",
                                "align": "center",
                                "title_color": "#ffffff",
                                "typography_font_size": {
                                    "unit": "px",
                                    "size": 32
                                },
                                "header_size": "h5",
                                "typography_font_family": "Expletus Sans"
                            },
                            "elements": [],
                            "isInner": false,
                            "widgetType": "heading",
                            "elType": "widget"
                        },
                        {
                            "id": "31e93b99",
                            "settings": {
                                "editor": "<p>Lorem ipsum dolor sit amet consectetur adipiscing<\/p>",
                                "align": "center",
                                "typography_font_family": "Imprima",
                                "typography_font_size": {
                                    "unit": "px",
                                    "size": 18,
                                    "sizes": []
                                },
                                "__globals__": {
                                    "text_color": "globals\/colors?id=8186ecd"
                                },
                                "align_mobile": "center",
                                "align_tablet": "left",
                                "_margin": {
                                    "unit": "px",
                                    "top": "-16",
                                    "right": "0",
                                    "bottom": "0",
                                    "left": "0",
                                    "isLinked": false
                                }
                            },
                            "elements": [],
                            "isInner": false,
                            "widgetType": "text-editor",
                            "elType": "widget"
                        },
                        {
                            "id": "2f8a8208",
                            "settings": {
                                "form_name": "New Form",
                                "form_fields": [
                                    {
                                        "_id": "email",
                                        "field_type": "email",
                                        "required": "true",
                                        "field_label": "Email",
                                        "placeholder": "Email",
                                        "width": "75",
                                        "file_sizes": "",
                                        "file_types": "",
                                        "allow_multiple_upload": "",
                                        "max_files": "",
                                        "acceptance_text": "",
                                        "checked_by_default": "",
                                        "field_min": "",
                                        "field_max": "",
                                        "min_date": "",
                                        "max_date": "",
                                        "use_native_date": "",
                                        "use_native_time": "",
                                        "custom_id": "email",
                                        "previous_button": "",
                                        "next_button": "",
                                        "width_mobile": "50"
                                    }
                                ],
                                "show_labels": "",
                                "button_text": "SUBSCRIBE",
                                "button_width": "25",
                                "email_content": "[all-fields]",
                                "email_content_2": "[all-fields]",
                                "success_message": "The form was sent successfully!",
                                "error_message": "Please fill in the required fields.",
                                "required_field_message": "Required",
                                "invalid_message": "There's something wrong. The form is invalid.",
                                "column_gap": {
                                    "unit": "px",
                                    "size": 0
                                },
                                "row_gap": {
                                    "unit": "px",
                                    "size": 0
                                },
                                "label_typography_font_size": {
                                    "unit": "px",
                                    "size": 18
                                },
                                "field_text_color": "#ffffff",
                                "field_typography_font_size": {
                                    "unit": "px",
                                    "size": 18
                                },
                                "field_border_width": {
                                    "unit": "px",
                                    "top": "0",
                                    "right": "0",
                                    "bottom": "0",
                                    "left": "0",
                                    "isLinked": true
                                },
                                "field_border_radius": {
                                    "unit": "px",
                                    "top": "0",
                                    "right": "0",
                                    "bottom": "0",
                                    "left": "0",
                                    "isLinked": true
                                },
                                "button_typography_font_size": {
                                    "unit": "px",
                                    "size": 18
                                },
                                "button_typography_font_weight": "bold",
                                "button_typography_text_transform": "uppercase",
                                "button_border_radius": {
                                    "unit": "px",
                                    "top": "0",
                                    "right": "0",
                                    "bottom": "0",
                                    "left": "0",
                                    "isLinked": true
                                },
                                "input_size": "md",
                                "button_size": "md",
                                "step_next_label": "Next",
                                "step_previous_label": "Previous",
                                "label_typography_font_family": "Imprima",
                                "html_typography_font_family": "Imprima",
                                "field_typography_font_family": "Imprima",
                                "button_typography_font_family": "Imprima",
                                "__globals__": {
                                    "button_background_color": "globals\/colors?id=cfa5c7b",
                                    "button_text_color": "globals\/colors?id=87eb952",
                                    "button_background_hover_color": "globals\/colors?id=cfa5c7b",
                                    "button_hover_color": "globals\/colors?id=87eb952",
                                    "field_background_color": "globals\/colors?id=7c0a1d1"
                                },
                                "button_width_mobile": "50",
                                "button_align": "",
                                "button_align_tablet": "end",
                                "button_align_mobile": "start",
                                "html_spacing": {
                                    "unit": "px",
                                    "size": "",
                                    "sizes": []
                                },
                                "html_typography_font_size": {
                                    "unit": "px",
                                    "size": 18,
                                    "sizes": []
                                },
                                "message_typography_font_family": "Imprima",
                                "message_typography_font_size": {
                                    "unit": "px",
                                    "size": 18,
                                    "sizes": []
                                },
                                "steps_typography_font_family": "Imprima",
                                "steps_typography_font_size": {
                                    "unit": "px",
                                    "size": 18,
                                    "sizes": []
                                }
                            },
                            "elements": [],
                            "isInner": false,
                            "widgetType": "form",
                            "elType": "widget"
                        }
                    ],
                    "isInner": false,
                    "elType": "column"
                }
            ],
            "isInner": false,
            "elType": "section"
        },
        {
            "id": "3a6465fe",
            "settings": {
                "gap": "no",
                "content_position": "middle",
                "background_background": "classic",
                "padding": {
                    "unit": "px",
                    "top": "30",
                    "right": "0",
                    "bottom": "30",
                    "left": "0",
                    "isLinked": false
                },
                "padding_tablet": {
                    "unit": "px",
                    "top": "30",
                    "right": "25",
                    "bottom": "30",
                    "left": "25",
                    "isLinked": false
                },
                "padding_mobile": {
                    "unit": "px",
                    "top": "30",
                    "right": "20",
                    "bottom": "30",
                    "left": "20",
                    "isLinked": false
                },
                "_timestamp_": "v1TUQwc2ZpbGpOYzZ3VFY0bXk5S09sUT09",
                "__globals__": {
                    "background_color": "globals\/colors?id=9d9b1c9"
                }
            },
            "elements": [
                {
                    "id": "343e4f4",
                    "settings": {
                        "_column_size": 100,
                        "_inline_size": null
                    },
                    "elements": [
                        {
                            "id": "69f06b52",
                            "settings": {
                                "social_icon_list": [
                                    {
                                        "social": "fa fa-facebook",
                                        "_id": "993ef04",
                                        "social_icon": {
                                            "value": "fab fa-facebook-f",
                                            "library": "fa-brands"
                                        },
                                        "__fa4_migrated": {
                                            "social_icon": true
                                        }
                                    },
                                    {
                                        "social": "fa fa-twitter",
                                        "_id": "a229ff5",
                                        "social_icon": {
                                            "value": "fab fa-twitter",
                                            "library": "fa-brands"
                                        },
                                        "__fa4_migrated": {
                                            "social_icon": true
                                        }
                                    },
                                    {
                                        "social": "fa fa-google-plus",
                                        "_id": "a1c64d4",
                                        "social_icon": {
                                            "value": "fab fa-google-plus-g",
                                            "library": "fa-brands"
                                        },
                                        "__fa4_migrated": {
                                            "social_icon": true
                                        }
                                    },
                                    {
                                        "social": "fa fa-pinterest",
                                        "_id": "f4f16ac",
                                        "social_icon": {
                                            "value": "fab fa-pinterest",
                                            "library": "fa-brands"
                                        },
                                        "__fa4_migrated": {
                                            "social_icon": true
                                        }
                                    }
                                ],
                                "icon_color": "custom",
                                "icon_primary_color": "#C3C3C300",
                                "icon_secondary_color": "#00A2FF",
                                "icon_size": {
                                    "unit": "px",
                                    "size": 16
                                },
                                "icon_padding": {
                                    "unit": "em",
                                    "size": 0
                                },
                                "icon_spacing": {
                                    "unit": "px",
                                    "size": 22
                                },
                                "hover_secondary_color": "#00A2FF",
                                "hover_primary_color": "rgba(255,255,255,0)",
                                "__globals__": {
                                    "icon_primary_color": "",
                                    "icon_secondary_color": "globals\/colors?id=7c0a1d1",
                                    "hover_secondary_color": "globals\/colors?id=cfa5c7b"
                                }
                            },
                            "elements": [],
                            "isInner": false,
                            "widgetType": "social-icons",
                            "elType": "widget"
                        },
                        {
                            "id": "789b96a8",
                            "settings": {
                                "title": "",
                                "typography_typography": "custom",
                                "typography_font_size": {
                                    "unit": "px",
                                    "size": 15
                                },
                                "align": "center",
                                "_padding": {
                                    "unit": "px",
                                    "top": "0",
                                    "right": "0",
                                    "bottom": "0",
                                    "left": "0",
                                    "isLinked": false
                                },
                                "typography_line_height_mobile": {
                                    "unit": "px",
                                    "size": 25
                                },
                                "__dynamic__": {
                                    "title": "[elementor-tag id=\"1e457db\" name=\"current-date-time\" settings=\"%7B%22date_format%22%3A%22custom%22%2C%22custom_format%22%3A%22Y%22%2C%22before%22%3A%22COPYRIGHT%22%2C%22after%22%3A%22%20%C2%A9%20ALL%20RIGHTS%20RESERVED.%20DESIGN%20BY%20ROMETHEME%22%2C%22fallback%22%3A%222020%22%7D\"]"
                                },
                                "header_size": "h6",
                                "typography_font_family": "Imprima",
                                "__globals__": {
                                    "title_color": "globals\/colors?id=7c0a1d1"
                                }
                            },
                            "elements": [],
                            "isInner": false,
                            "widgetType": "heading",
                            "elType": "widget"
                        }
                    ],
                    "isInner": false,
                    "elType": "column"
                }
            ],
            "isInner": false,
            "elType": "section"
        }
    ]
}