{
    "version": "0.4",
    "title": "Gallery Photo",
    "type": "page",
    "metadata": {
        "template_type": "single-page",
        "include_in_zip": "1",
        "elementor_pro_required": "1",
        "wp_page_template": "elementor_header_footer"
    },
    "content": [
        {
            "id": "16934c8d",
            "settings": {
                "height": "min-height",
                "custom_height": {
                    "unit": "px",
                    "size": 500,
                    "sizes": []
                },
                "background_background": "classic",
                "background_overlay_background": "classic",
                "shape_divider_bottom_width": {
                    "unit": "%",
                    "size": 100,
                    "sizes": []
                },
                "shape_divider_bottom_height": {
                    "unit": "px",
                    "size": 191,
                    "sizes": []
                },
                "__globals__": {
                    "background_overlay_color": "",
                    "background_color": "",
                    "shape_divider_bottom_color": "",
                    "background_color_b": "",
                    "shape_divider_top_color": ""
                },
                "shape_divider_top_width": {
                    "unit": "%",
                    "size": 100,
                    "sizes": []
                },
                "shape_divider_top_height": {
                    "unit": "px",
                    "size": 150,
                    "sizes": []
                },
                "shape_divider_top_flip": "yes",
                "shape_divider_bottom_flip": "yes",
                "shape_divider_top_width_mobile": {
                    "unit": "%",
                    "size": 300,
                    "sizes": []
                },
                "shape_divider_top_height_mobile": {
                    "unit": "px",
                    "size": 230,
                    "sizes": []
                },
                "background_overlay_opacity": {
                    "unit": "px",
                    "size": 0.8000000000000000444089209850062616169452667236328125,
                    "sizes": []
                },
                "overlay_blend_mode": "multiply",
                "shape_divider_top_color": "#00A2FF26",
                "background_image": {
                    "url": "https:\/\/templatekit.rometheme.net\/jumpkins\/wp-content\/uploads\/sites\/22\/2020\/12\/back-6.jpg",
                    "id": 3667
                },
                "background_position": "bottom center",
                "background_repeat": "no-repeat",
                "shape_divider_bottom_color": "#FF00AB26",
                "background_size": "cover"
            },
            "elements": [
                {
                    "id": "261fa04b",
                    "settings": {
                        "_column_size": 100,
                        "_inline_size": null,
                        "background_background": "classic",
                        "background_position": "center center",
                        "background_size": "cover",
                        "background_overlay_background": "classic",
                        "__globals__": {
                            "background_color": "",
                            "background_overlay_color": ""
                        },
                        "padding": {
                            "unit": "em",
                            "top": "",
                            "right": "",
                            "bottom": "",
                            "left": "",
                            "isLinked": true
                        }
                    },
                    "elements": [
                        {
                            "id": "5edbff42",
                            "settings": [],
                            "elements": [
                                {
                                    "id": "674d74d9",
                                    "settings": {
                                        "_column_size": 100,
                                        "_inline_size": null,
                                        "margin_mobile": {
                                            "unit": "px",
                                            "top": "0",
                                            "right": "0",
                                            "bottom": "0",
                                            "left": "0",
                                            "isLinked": false
                                        },
                                        "padding_mobile": {
                                            "unit": "px",
                                            "top": "0",
                                            "right": "0",
                                            "bottom": "0",
                                            "left": "0",
                                            "isLinked": false
                                        }
                                    },
                                    "elements": [
                                        {
                                            "id": "68cdbb57",
                                            "settings": {
                                                "title": "GALLERY PHOTO",
                                                "header_size": "h4",
                                                "align": "center",
                                                "typography_font_family": "Imprima",
                                                "typography_font_size": {
                                                    "unit": "px",
                                                    "size": 42,
                                                    "sizes": []
                                                },
                                                "_margin": {
                                                    "unit": "px",
                                                    "top": "0",
                                                    "right": "0",
                                                    "bottom": "0",
                                                    "left": "0",
                                                    "isLinked": false
                                                },
                                                "_background_background": "classic",
                                                "__globals__": {
                                                    "_background_color": "",
                                                    "title_color": "globals\/colors?id=87eb952"
                                                },
                                                "typography_font_size_mobile": {
                                                    "unit": "px",
                                                    "size": 30,
                                                    "sizes": []
                                                }
                                            },
                                            "elements": [],
                                            "isInner": false,
                                            "widgetType": "heading",
                                            "elType": "widget"
                                        },
                                        {
                                            "id": "26e106ec",
                                            "settings": {
                                                "title": "BEST PHOTO OF STORY",
                                                "align": "center",
                                                "typography_font_family": "Expletus Sans",
                                                "typography_font_size": {
                                                    "unit": "px",
                                                    "size": 50,
                                                    "sizes": []
                                                },
                                                "typography_font_weight": "bold",
                                                "__globals__": {
                                                    "title_color": "globals\/colors?id=87eb952"
                                                },
                                                "header_size": "h3",
                                                "typography_font_size_mobile": {
                                                    "unit": "px",
                                                    "size": 50,
                                                    "sizes": []
                                                },
                                                "align_tablet": "center",
                                                "align_mobile": "center",
                                                "_margin": {
                                                    "unit": "px",
                                                    "top": "-10",
                                                    "right": "0",
                                                    "bottom": "0",
                                                    "left": "0",
                                                    "isLinked": false
                                                }
                                            },
                                            "elements": [],
                                            "isInner": false,
                                            "widgetType": "heading",
                                            "elType": "widget"
                                        }
                                    ],
                                    "isInner": true,
                                    "elType": "column"
                                }
                            ],
                            "isInner": true,
                            "elType": "section"
                        }
                    ],
                    "isInner": false,
                    "elType": "column"
                }
            ],
            "isInner": false,
            "elType": "section"
        },
        {
            "id": "4e60af81",
            "settings": {
                "background_background": "classic",
                "padding": {
                    "unit": "em",
                    "top": "5",
                    "right": "1",
                    "bottom": "5",
                    "left": "1",
                    "isLinked": false
                },
                "__globals__": {
                    "background_color": "globals\/colors?id=33a517f"
                },
                "background_position": "center center",
                "background_repeat": "no-repeat",
                "background_size": "cover"
            },
            "elements": [
                {
                    "id": "572916b1",
                    "settings": {
                        "_column_size": 100,
                        "_inline_size": null,
                        "background_background": "classic",
                        "border_radius": {
                            "unit": "px",
                            "top": "10",
                            "right": "10",
                            "bottom": "10",
                            "left": "10",
                            "isLinked": true
                        },
                        "padding": {
                            "unit": "em",
                            "top": "",
                            "right": "",
                            "bottom": "",
                            "left": "",
                            "isLinked": true
                        },
                        "__globals__": {
                            "background_color": ""
                        },
                        "margin_mobile": {
                            "unit": "px",
                            "top": "0",
                            "right": "0",
                            "bottom": "0",
                            "left": "0",
                            "isLinked": true
                        },
                        "padding_mobile": {
                            "unit": "px",
                            "top": "0",
                            "right": "0",
                            "bottom": "0",
                            "left": "0",
                            "isLinked": true
                        }
                    },
                    "elements": [
                        {
                            "id": "693992e7",
                            "settings": {
                                "padding_mobile": {
                                    "unit": "px",
                                    "top": "30",
                                    "right": "0",
                                    "bottom": "0",
                                    "left": "0",
                                    "isLinked": false
                                }
                            },
                            "elements": [
                                {
                                    "id": "6bc01312",
                                    "settings": {
                                        "_column_size": 100,
                                        "_inline_size": null,
                                        "margin_mobile": {
                                            "unit": "px",
                                            "top": "0",
                                            "right": "0",
                                            "bottom": "0",
                                            "left": "0",
                                            "isLinked": false
                                        },
                                        "padding_mobile": {
                                            "unit": "px",
                                            "top": "0",
                                            "right": "0",
                                            "bottom": "0",
                                            "left": "0",
                                            "isLinked": false
                                        }
                                    },
                                    "elements": [
                                        {
                                            "id": "68912bb",
                                            "settings": {
                                                "gallery_type": "multiple",
                                                "gallery": [
                                                    {
                                                        "id": 214,
                                                        "url": "https:\/\/templatekit.rometheme.net\/jumpkins\/wp-content\/uploads\/sites\/22\/2020\/11\/photo-2.jpg"
                                                    },
                                                    {
                                                        "id": 671,
                                                        "url": "https:\/\/templatekit.rometheme.net\/jumpkins\/wp-content\/uploads\/sites\/22\/2020\/11\/photo-4.jpg"
                                                    },
                                                    {
                                                        "id": 670,
                                                        "url": "https:\/\/templatekit.rometheme.net\/jumpkins\/wp-content\/uploads\/sites\/22\/2020\/11\/photo-3.jpg"
                                                    },
                                                    {
                                                        "id": 672,
                                                        "url": "https:\/\/templatekit.rometheme.net\/jumpkins\/wp-content\/uploads\/sites\/22\/2020\/11\/photo-5.jpg"
                                                    }
                                                ],
                                                "galleries": [
                                                    {
                                                        "gallery_title": "MUSIC FEST",
                                                        "_id": "67b1f42",
                                                        "multiple_gallery": [
                                                            {
                                                                "id": 4071,
                                                                "url": "https:\/\/templatekit.rometheme.net\/jumpkins\/wp-content\/uploads\/sites\/22\/2020\/12\/photo-26.jpg"
                                                            },
                                                            {
                                                                "id": 4072,
                                                                "url": "https:\/\/templatekit.rometheme.net\/jumpkins\/wp-content\/uploads\/sites\/22\/2020\/12\/photo-27.jpg"
                                                            },
                                                            {
                                                                "id": 4070,
                                                                "url": "https:\/\/templatekit.rometheme.net\/jumpkins\/wp-content\/uploads\/sites\/22\/2020\/12\/photo-11.jpg"
                                                            },
                                                            {
                                                                "id": 4037,
                                                                "url": "https:\/\/templatekit.rometheme.net\/jumpkins\/wp-content\/uploads\/sites\/22\/2020\/12\/photo-6.jpg"
                                                            },
                                                            {
                                                                "id": 4036,
                                                                "url": "https:\/\/templatekit.rometheme.net\/jumpkins\/wp-content\/uploads\/sites\/22\/2020\/12\/photo-5-1.jpg"
                                                            },
                                                            {
                                                                "id": 4284,
                                                                "url": "https:\/\/templatekit.rometheme.net\/jumpkins\/wp-content\/uploads\/sites\/22\/2020\/12\/photo-48.jpg"
                                                            }
                                                        ]
                                                    },
                                                    {
                                                        "gallery_title": "TRAP NIGHT",
                                                        "multiple_gallery": [
                                                            {
                                                                "id": 4072,
                                                                "url": "https:\/\/templatekit.rometheme.net\/jumpkins\/wp-content\/uploads\/sites\/22\/2020\/12\/photo-27.jpg"
                                                            },
                                                            {
                                                                "id": 4071,
                                                                "url": "https:\/\/templatekit.rometheme.net\/jumpkins\/wp-content\/uploads\/sites\/22\/2020\/12\/photo-26.jpg"
                                                            },
                                                            {
                                                                "id": 4070,
                                                                "url": "https:\/\/templatekit.rometheme.net\/jumpkins\/wp-content\/uploads\/sites\/22\/2020\/12\/photo-11.jpg"
                                                            },
                                                            {
                                                                "id": 4037,
                                                                "url": "https:\/\/templatekit.rometheme.net\/jumpkins\/wp-content\/uploads\/sites\/22\/2020\/12\/photo-6.jpg"
                                                            },
                                                            {
                                                                "id": 4036,
                                                                "url": "https:\/\/templatekit.rometheme.net\/jumpkins\/wp-content\/uploads\/sites\/22\/2020\/12\/photo-5-1.jpg"
                                                            }
                                                        ],
                                                        "_id": "7228f67"
                                                    },
                                                    {
                                                        "gallery_title": "CITY SOUND",
                                                        "multiple_gallery": [
                                                            {
                                                                "id": 4071,
                                                                "url": "https:\/\/templatekit.rometheme.net\/jumpkins\/wp-content\/uploads\/sites\/22\/2020\/12\/photo-26.jpg"
                                                            },
                                                            {
                                                                "id": 4070,
                                                                "url": "https:\/\/templatekit.rometheme.net\/jumpkins\/wp-content\/uploads\/sites\/22\/2020\/12\/photo-11.jpg"
                                                            },
                                                            {
                                                                "id": 4037,
                                                                "url": "https:\/\/templatekit.rometheme.net\/jumpkins\/wp-content\/uploads\/sites\/22\/2020\/12\/photo-6.jpg"
                                                            },
                                                            {
                                                                "id": 4036,
                                                                "url": "https:\/\/templatekit.rometheme.net\/jumpkins\/wp-content\/uploads\/sites\/22\/2020\/12\/photo-5-1.jpg"
                                                            }
                                                        ],
                                                        "_id": "d1dcb4d"
                                                    }
                                                ],
                                                "columns": 3,
                                                "ideal_row_height": {
                                                    "unit": "px",
                                                    "size": 176,
                                                    "sizes": []
                                                },
                                                "gap": {
                                                    "unit": "px",
                                                    "size": 25,
                                                    "sizes": []
                                                },
                                                "aspect_ratio": "4:3",
                                                "thumbnail_image_size": "full",
                                                "show_all_galleries_label": "All",
                                                "pointer": "double-line",
                                                "animation_line": "drop-in",
                                                "image_hover_animation": "move-contained-top",
                                                "overlay_background_background": "gradient",
                                                "overlay_background_color": "#00A2FF",
                                                "overlay_background_color_b": "#FF00AB",
                                                "overlay_background_gradient_angle": {
                                                    "unit": "deg",
                                                    "size": 150,
                                                    "sizes": []
                                                },
                                                "image_blend_mode": "multiply",
                                                "background_overlay_hover_animation": "enter-from-bottom",
                                                "content_alignment": "",
                                                "content_padding": {
                                                    "unit": "px",
                                                    "size": 30,
                                                    "sizes": []
                                                },
                                                "align_filter_bar_items": "center",
                                                "galleries_title_color_normal": "#C3C3C3",
                                                "galleries_titles_typography_font_family": "Imprima",
                                                "galleries_titles_typography_font_size": {
                                                    "unit": "px",
                                                    "size": 18,
                                                    "sizes": []
                                                },
                                                "galleries_title_color_active": "#C3C3C3",
                                                "galleries_pointer_color_active": "#00A2FF",
                                                "galleries_titles_space_between": {
                                                    "unit": "px",
                                                    "size": 30,
                                                    "sizes": []
                                                },
                                                "galleries_titles_gap": {
                                                    "unit": "px",
                                                    "size": 30,
                                                    "sizes": []
                                                },
                                                "__globals__": {
                                                    "image_border_color": "",
                                                    "galleries_title_color_normal": "globals\/colors?id=87eb952",
                                                    "overlay_background_color": "globals\/colors?id=cfa5c7b",
                                                    "overlay_background_color_b": "globals\/colors?id=3b973d2",
                                                    "galleries_title_color_active": "globals\/colors?id=8186ecd",
                                                    "galleries_pointer_color_active": "globals\/colors?id=cfa5c7b",
                                                    "galleries_title_color_hover": "globals\/colors?id=8186ecd",
                                                    "galleries_pointer_color_hover": "globals\/colors?id=3b973d2",
                                                    "image_border_color_hover": "globals\/colors?id=8186ecd",
                                                    "overlay_background_hover_color": "globals\/colors?id=cfa5c7b",
                                                    "overlay_background_hover_color_b": "globals\/colors?id=3b973d2",
                                                    "galleries_title_color_hover_pointer_bg": "globals\/colors?id=87eb952"
                                                },
                                                "overlay_background_hover_background": "gradient",
                                                "image_border_color_hover": "#C3C3C3",
                                                "overlay_background_hover_color": "#00A2FF",
                                                "overlay_background_hover_color_b": "#FF00AB",
                                                "galleries_title_color_hover": "#C3C3C3",
                                                "galleries_pointer_color_hover": "#FF00AB",
                                                "gap_mobile": {
                                                    "unit": "px",
                                                    "size": 30,
                                                    "sizes": []
                                                }
                                            },
                                            "elements": [],
                                            "isInner": false,
                                            "widgetType": "gallery",
                                            "elType": "widget"
                                        }
                                    ],
                                    "isInner": true,
                                    "elType": "column"
                                }
                            ],
                            "isInner": true,
                            "elType": "section"
                        }
                    ],
                    "isInner": false,
                    "elType": "column"
                }
            ],
            "isInner": false,
            "elType": "section"
        },
        {
            "id": "42cc326",
            "settings": {
                "background_background": "classic",
                "padding": {
                    "unit": "em",
                    "top": "5",
                    "right": "1",
                    "bottom": "5",
                    "left": "1",
                    "isLinked": false
                },
                "__globals__": {
                    "background_color": "globals\/colors?id=33a517f"
                },
                "background_position": "center center",
                "background_repeat": "no-repeat",
                "background_size": "cover"
            },
            "elements": [
                {
                    "id": "11c43a01",
                    "settings": {
                        "_column_size": 100,
                        "_inline_size": null,
                        "background_background": "classic",
                        "border_radius": {
                            "unit": "px",
                            "top": "10",
                            "right": "10",
                            "bottom": "10",
                            "left": "10",
                            "isLinked": true
                        },
                        "padding": {
                            "unit": "em",
                            "top": "",
                            "right": "",
                            "bottom": "",
                            "left": "",
                            "isLinked": true
                        },
                        "__globals__": {
                            "background_color": ""
                        },
                        "margin_mobile": {
                            "unit": "px",
                            "top": "0",
                            "right": "0",
                            "bottom": "0",
                            "left": "0",
                            "isLinked": true
                        },
                        "padding_mobile": {
                            "unit": "px",
                            "top": "0",
                            "right": "0",
                            "bottom": "0",
                            "left": "0",
                            "isLinked": true
                        },
                        "_inline_size_tablet": 100,
                        "margin": {
                            "unit": "px",
                            "top": "0",
                            "right": "0",
                            "bottom": "0",
                            "left": "0",
                            "isLinked": true
                        }
                    },
                    "elements": [
                        {
                            "id": "419de4ec",
                            "settings": {
                                "padding": {
                                    "unit": "px",
                                    "top": "0",
                                    "right": "0",
                                    "bottom": "0",
                                    "left": "0",
                                    "isLinked": false
                                }
                            },
                            "elements": [
                                {
                                    "id": "3cecf697",
                                    "settings": {
                                        "_column_size": 100,
                                        "_inline_size": null
                                    },
                                    "elements": [
                                        {
                                            "id": "4c36ce98",
                                            "settings": {
                                                "carousel_slides": [
                                                    {
                                                        "logo_carousel_slide": {
                                                            "url": "https:\/\/templatekit.rometheme.net\/jumpkins\/wp-content\/uploads\/sites\/22\/2020\/12\/logo1-1.png",
                                                            "id": 1814
                                                        },
                                                        "_id": "aaf477d",
                                                        "link": {
                                                            "url": ""
                                                        }
                                                    },
                                                    {
                                                        "logo_carousel_slide": {
                                                            "url": "https:\/\/templatekit.rometheme.net\/jumpkins\/wp-content\/uploads\/sites\/22\/2020\/12\/logo5-1.png",
                                                            "id": 1818
                                                        },
                                                        "_id": "8f6dd7e",
                                                        "link": {
                                                            "url": ""
                                                        }
                                                    },
                                                    {
                                                        "logo_carousel_slide": {
                                                            "url": "https:\/\/templatekit.rometheme.net\/jumpkins\/wp-content\/uploads\/sites\/22\/2020\/12\/logo4-1.png",
                                                            "id": 1817
                                                        },
                                                        "_id": "16b0101",
                                                        "link": {
                                                            "url": ""
                                                        }
                                                    },
                                                    {
                                                        "logo_carousel_slide": {
                                                            "url": "https:\/\/templatekit.rometheme.net\/jumpkins\/wp-content\/uploads\/sites\/22\/2020\/12\/logo3-1.png",
                                                            "id": 1816
                                                        },
                                                        "_id": "7fe50cd",
                                                        "link": {
                                                            "url": ""
                                                        }
                                                    },
                                                    {
                                                        "logo_carousel_slide": {
                                                            "url": "https:\/\/templatekit.rometheme.net\/jumpkins\/wp-content\/uploads\/sites\/22\/2020\/12\/logo2-1.png",
                                                            "id": 1815
                                                        },
                                                        "_id": "57b99e8",
                                                        "link": {
                                                            "url": ""
                                                        }
                                                    }
                                                ],
                                                "title_html_tag": "h5",
                                                "items": {
                                                    "unit": "px",
                                                    "size": 4,
                                                    "sizes": []
                                                },
                                                "arrows": "",
                                                "dots": "",
                                                "pagination_type": "fraction",
                                                "grayscale_normal": "",
                                                "grayscale_hover": "yes",
                                                "opacity_hover": {
                                                    "unit": "px",
                                                    "size": 0.40000000000000002220446049250313080847263336181640625,
                                                    "sizes": []
                                                },
                                                "__globals__": {
                                                    "title_color": ""
                                                }
                                            },
                                            "elements": [],
                                            "isInner": false,
                                            "widgetType": "pp-logo-carousel",
                                            "elType": "widget"
                                        }
                                    ],
                                    "isInner": true,
                                    "elType": "column"
                                }
                            ],
                            "isInner": true,
                            "elType": "section"
                        }
                    ],
                    "isInner": false,
                    "elType": "column"
                }
            ],
            "isInner": false,
            "elType": "section"
        }
    ]
}