{
    "version": "0.4",
    "title": "Global Kit Styles",
    "type": "section",
    "metadata": {
        "template_type": "global-styles",
        "include_in_zip": "1",
        "elementor_pro_required": "1",
        "additional_template_information": [
            "These are the global theme styles configured through the Elementor Theme Styles area."
        ],
        "wp_page_template": "default"
    },
    "content": [],
    "page_settings": {
        "custom_colors": [
            {
                "_id": "87eb952",
                "title": "color 1",
                "color": "#E9E9E9"
            },
            {
                "_id": "8186ecd",
                "title": "color 2",
                "color": "#C3C3C3"
            },
            {
                "_id": "137e974",
                "title": "color 3",
                "color": "#040724"
            },
            {
                "_id": "3b973d2",
                "title": "color 4",
                "color": "#FF00AB"
            },
            {
                "_id": "cfa5c7b",
                "title": "color 5",
                "color": "#00A2FF"
            },
            {
                "_id": "7c0a1d1",
                "title": "color 6",
                "color": "#C3C3C370"
            },
            {
                "_id": "1973db3",
                "title": "color 7",
                "color": "#4F4F4F"
            },
            {
                "_id": "f72d01a",
                "title": "color 8",
                "color": "#1E203C"
            },
            {
                "_id": "9d9b1c9",
                "title": "color 9",
                "color": "#282B4F"
            },
            {
                "_id": "4541de6",
                "title": "color 10",
                "color": "#040724"
            },
            {
                "_id": "33a517f",
                "title": "color 11",
                "color": "#000004"
            },
            {
                "_id": "87af860",
                "title": "color 12",
                "color": "#C3C3C300"
            }
        ],
        "system_colors": [
            {
                "_id": "primary",
                "title": "Primary",
                "color": "#6EC1E4"
            },
            {
                "_id": "secondary",
                "title": "Secondary",
                "color": "#54595F"
            },
            {
                "_id": "text",
                "title": "Text",
                "color": "#7A7A7A"
            },
            {
                "_id": "accent",
                "title": "Accent",
                "color": "#61CE70"
            }
        ],
        "system_typography": [
            {
                "_id": "primary",
                "title": "Primary",
                "typography_typography": "custom",
                "typography_font_family": "Expletus Sans",
                "typography_font_size": {
                    "unit": "px",
                    "size": 50,
                    "sizes": []
                }
            },
            {
                "_id": "secondary",
                "title": "Secondary",
                "typography_typography": "custom",
                "typography_font_family": "Imprima",
                "typography_font_size": {
                    "unit": "px",
                    "size": 42,
                    "sizes": []
                }
            },
            {
                "_id": "text",
                "title": "Text",
                "typography_typography": "custom",
                "typography_font_family": "Imprima",
                "typography_font_size": {
                    "unit": "px",
                    "size": 18,
                    "sizes": []
                }
            },
            {
                "_id": "accent",
                "title": "Accent",
                "typography_typography": "custom",
                "typography_font_family": "Imprima",
                "typography_font_size": {
                    "unit": "px",
                    "size": 18,
                    "sizes": []
                }
            }
        ],
        "custom_typography": [],
        "default_generic_fonts": "Sans-serif",
        "site_name": "Jumpkins",
        "site_description": "Just another My Sites site",
        "page_title_selector": "h1.entry-title",
        "body_typography_typography": "custom",
        "body_typography_font_family": "Imprima",
        "link_normal_typography_typography": "custom",
        "link_normal_typography_font_family": "Imprima",
        "link_normal_typography_font_size": {
            "unit": "px",
            "size": 18,
            "sizes": []
        },
        "h1_typography_typography": "custom",
        "h1_typography_font_family": "Expletus Sans",
        "h1_typography_font_size": {
            "unit": "px",
            "size": 110,
            "sizes": []
        },
        "h2_typography_typography": "custom",
        "h2_typography_font_family": "Expletus Sans",
        "h2_typography_font_size": {
            "unit": "px",
            "size": 100,
            "sizes": []
        },
        "h3_typography_typography": "custom",
        "h3_typography_font_family": "Expletus Sans",
        "h3_typography_font_size": {
            "unit": "px",
            "size": 50,
            "sizes": []
        },
        "h3_typography_font_weight": "bold",
        "h4_typography_typography": "custom",
        "h4_typography_font_family": "Imprima",
        "h4_typography_font_size": {
            "unit": "px",
            "size": 42,
            "sizes": []
        },
        "h5_typography_typography": "custom",
        "h5_typography_font_family": "Expletus Sans",
        "h5_typography_font_size": {
            "unit": "px",
            "size": 32,
            "sizes": []
        },
        "h6_typography_typography": "custom",
        "h6_typography_font_family": "Imprima",
        "h6_typography_font_size": {
            "unit": "px",
            "size": 18,
            "sizes": []
        },
        "h6_typography_font_weight": "bold",
        "button_typography_typography": "custom",
        "button_typography_font_family": "Imprima",
        "button_typography_font_size": {
            "unit": "px",
            "size": 18,
            "sizes": []
        },
        "button_typography_font_weight": "bold",
        "activeItemIndex": 1,
        "__globals__": {
            "body_color": "globals\/colors?id=9355d07",
            "link_normal_color": "globals\/colors?id=9355d07",
            "h1_color": "globals\/colors?id=9e17407",
            "h2_color": "globals\/colors?id=9e17407",
            "h3_color": "globals\/colors?id=9e17407",
            "h4_color": "globals\/colors?id=9e17407",
            "h5_color": "globals\/colors?id=cfa5c7b",
            "h6_color": "globals\/colors?id=9e17407",
            "button_text_color": "globals\/colors?id=87eb952",
            "button_background_color": "globals\/colors?id=cfa5c7b"
        },
        "button_border_radius": {
            "unit": "px",
            "top": "0",
            "right": "0",
            "bottom": "0",
            "left": "0",
            "isLinked": true
        }
    }
}