{
    "version": "0.4",
    "title": "Group Members",
    "type": "page",
    "metadata": {
        "template_type": "single-page",
        "include_in_zip": "1",
        "elementor_pro_required": "1",
        "wp_page_template": "elementor_header_footer"
    },
    "content": [
        {
            "id": "6313eba3",
            "settings": {
                "height": "min-height",
                "custom_height": {
                    "unit": "px",
                    "size": 500,
                    "sizes": []
                },
                "background_background": "classic",
                "background_overlay_background": "classic",
                "shape_divider_bottom_width": {
                    "unit": "%",
                    "size": 100,
                    "sizes": []
                },
                "shape_divider_bottom_height": {
                    "unit": "px",
                    "size": 191,
                    "sizes": []
                },
                "__globals__": {
                    "background_overlay_color": "",
                    "background_color": "",
                    "shape_divider_bottom_color": "",
                    "background_color_b": "",
                    "shape_divider_top_color": ""
                },
                "shape_divider_top_width": {
                    "unit": "%",
                    "size": 100,
                    "sizes": []
                },
                "shape_divider_top_height": {
                    "unit": "px",
                    "size": 150,
                    "sizes": []
                },
                "shape_divider_top_flip": "yes",
                "shape_divider_bottom_flip": "yes",
                "shape_divider_top_width_mobile": {
                    "unit": "%",
                    "size": 300,
                    "sizes": []
                },
                "shape_divider_top_height_mobile": {
                    "unit": "px",
                    "size": 230,
                    "sizes": []
                },
                "background_overlay_opacity": {
                    "unit": "px",
                    "size": 0.8000000000000000444089209850062616169452667236328125,
                    "sizes": []
                },
                "overlay_blend_mode": "multiply",
                "shape_divider_top_color": "#00A2FF26",
                "background_image": {
                    "url": "https:\/\/templatekit.rometheme.net\/jumpkins\/wp-content\/uploads\/sites\/22\/2020\/12\/back-6.jpg",
                    "id": 3667
                },
                "background_position": "bottom center",
                "background_repeat": "no-repeat",
                "shape_divider_bottom_color": "#FF00AB26",
                "background_size": "cover"
            },
            "elements": [
                {
                    "id": "1ea82049",
                    "settings": {
                        "_column_size": 100,
                        "_inline_size": null,
                        "background_background": "classic",
                        "background_position": "center center",
                        "background_size": "cover",
                        "background_overlay_background": "classic",
                        "__globals__": {
                            "background_color": "",
                            "background_overlay_color": ""
                        },
                        "padding": {
                            "unit": "em",
                            "top": "",
                            "right": "",
                            "bottom": "",
                            "left": "",
                            "isLinked": true
                        }
                    },
                    "elements": [
                        {
                            "id": "538959ea",
                            "settings": [],
                            "elements": [
                                {
                                    "id": "509d8e62",
                                    "settings": {
                                        "_column_size": 100,
                                        "_inline_size": null,
                                        "margin_mobile": {
                                            "unit": "px",
                                            "top": "0",
                                            "right": "0",
                                            "bottom": "0",
                                            "left": "0",
                                            "isLinked": false
                                        },
                                        "padding_mobile": {
                                            "unit": "px",
                                            "top": "0",
                                            "right": "0",
                                            "bottom": "0",
                                            "left": "0",
                                            "isLinked": false
                                        }
                                    },
                                    "elements": [
                                        {
                                            "id": "44baf205",
                                            "settings": {
                                                "title": "GROUP",
                                                "header_size": "h4",
                                                "align": "center",
                                                "typography_font_family": "Imprima",
                                                "typography_font_size": {
                                                    "unit": "px",
                                                    "size": 42,
                                                    "sizes": []
                                                },
                                                "_margin": {
                                                    "unit": "px",
                                                    "top": "0",
                                                    "right": "0",
                                                    "bottom": "0",
                                                    "left": "0",
                                                    "isLinked": false
                                                },
                                                "_background_background": "classic",
                                                "__globals__": {
                                                    "_background_color": "",
                                                    "title_color": "globals\/colors?id=87eb952"
                                                },
                                                "typography_font_size_mobile": {
                                                    "unit": "px",
                                                    "size": 30,
                                                    "sizes": []
                                                }
                                            },
                                            "elements": [],
                                            "isInner": false,
                                            "widgetType": "heading",
                                            "elType": "widget"
                                        },
                                        {
                                            "id": "7f4e3460",
                                            "settings": {
                                                "title": "TALENTED MEMBERS",
                                                "align": "center",
                                                "typography_font_family": "Expletus Sans",
                                                "typography_font_size": {
                                                    "unit": "px",
                                                    "size": 50,
                                                    "sizes": []
                                                },
                                                "typography_font_weight": "bold",
                                                "__globals__": {
                                                    "title_color": "globals\/colors?id=87eb952"
                                                },
                                                "header_size": "h3",
                                                "typography_font_size_mobile": {
                                                    "unit": "px",
                                                    "size": 50,
                                                    "sizes": []
                                                },
                                                "align_tablet": "center",
                                                "align_mobile": "center",
                                                "_margin": {
                                                    "unit": "px",
                                                    "top": "-10",
                                                    "right": "0",
                                                    "bottom": "0",
                                                    "left": "0",
                                                    "isLinked": false
                                                }
                                            },
                                            "elements": [],
                                            "isInner": false,
                                            "widgetType": "heading",
                                            "elType": "widget"
                                        }
                                    ],
                                    "isInner": true,
                                    "elType": "column"
                                }
                            ],
                            "isInner": true,
                            "elType": "section"
                        }
                    ],
                    "isInner": false,
                    "elType": "column"
                }
            ],
            "isInner": false,
            "elType": "section"
        },
        {
            "id": "247b6784",
            "settings": {
                "background_background": "classic",
                "padding": {
                    "unit": "em",
                    "top": "5",
                    "right": "1",
                    "bottom": "5",
                    "left": "1",
                    "isLinked": false
                },
                "__globals__": {
                    "background_color": "globals\/colors?id=33a517f"
                },
                "background_position": "center center",
                "background_repeat": "no-repeat",
                "background_size": "cover"
            },
            "elements": [
                {
                    "id": "2eab9fd0",
                    "settings": {
                        "_column_size": 100,
                        "_inline_size": null,
                        "background_background": "classic",
                        "border_radius": {
                            "unit": "px",
                            "top": "10",
                            "right": "10",
                            "bottom": "10",
                            "left": "10",
                            "isLinked": true
                        },
                        "padding": {
                            "unit": "em",
                            "top": "",
                            "right": "",
                            "bottom": "",
                            "left": "",
                            "isLinked": true
                        },
                        "__globals__": {
                            "background_color": ""
                        },
                        "margin_mobile": {
                            "unit": "px",
                            "top": "0",
                            "right": "0",
                            "bottom": "0",
                            "left": "0",
                            "isLinked": true
                        },
                        "padding_mobile": {
                            "unit": "px",
                            "top": "0",
                            "right": "0",
                            "bottom": "0",
                            "left": "0",
                            "isLinked": true
                        }
                    },
                    "elements": [
                        {
                            "id": "7fb00f8e",
                            "settings": [],
                            "elements": [
                                {
                                    "id": "1bd90089",
                                    "settings": {
                                        "_column_size": 100,
                                        "_inline_size": null,
                                        "margin_mobile": {
                                            "unit": "px",
                                            "top": "0",
                                            "right": "0",
                                            "bottom": "0",
                                            "left": "0",
                                            "isLinked": false
                                        },
                                        "padding_mobile": {
                                            "unit": "px",
                                            "top": "0",
                                            "right": "0",
                                            "bottom": "0",
                                            "left": "0",
                                            "isLinked": false
                                        }
                                    },
                                    "elements": [
                                        {
                                            "id": "525bb687",
                                            "settings": {
                                                "title": "JUMPKINS MEMBERS",
                                                "header_size": "h5",
                                                "align": "center",
                                                "typography_font_family": "Expletus Sans",
                                                "typography_font_size": {
                                                    "unit": "px",
                                                    "size": 32,
                                                    "sizes": []
                                                },
                                                "_margin": {
                                                    "unit": "px",
                                                    "top": "0",
                                                    "right": "0",
                                                    "bottom": "20",
                                                    "left": "0",
                                                    "isLinked": false
                                                },
                                                "_background_background": "classic",
                                                "__globals__": {
                                                    "_background_color": "",
                                                    "title_color": "globals\/colors?id=87eb952"
                                                },
                                                "typography_font_size_mobile": {
                                                    "unit": "px",
                                                    "size": 30,
                                                    "sizes": []
                                                },
                                                "align_tablet": "center"
                                            },
                                            "elements": [],
                                            "isInner": false,
                                            "widgetType": "heading",
                                            "elType": "widget"
                                        }
                                    ],
                                    "isInner": true,
                                    "elType": "column"
                                }
                            ],
                            "isInner": true,
                            "elType": "section"
                        },
                        {
                            "id": "17e4c3c8",
                            "settings": {
                                "structure": "30"
                            },
                            "elements": [
                                {
                                    "id": "58519062",
                                    "settings": {
                                        "_column_size": 33,
                                        "_inline_size": null,
                                        "margin": {
                                            "unit": "px",
                                            "top": "15",
                                            "right": "15",
                                            "bottom": "15",
                                            "left": "15",
                                            "isLinked": true
                                        },
                                        "_inline_size_tablet": 50,
                                        "margin_mobile": {
                                            "unit": "px",
                                            "top": "0",
                                            "right": "0",
                                            "bottom": "0",
                                            "left": "0",
                                            "isLinked": false
                                        },
                                        "padding_mobile": {
                                            "unit": "px",
                                            "top": "0",
                                            "right": "0",
                                            "bottom": "0",
                                            "left": "0",
                                            "isLinked": false
                                        }
                                    },
                                    "elements": [
                                        {
                                            "id": "2e886a78",
                                            "settings": {
                                                "team_member_name": "Carryn Zenith",
                                                "team_member_position": "Vocalist",
                                                "team_member_description": "<p>Lorem ipsum dolor sit amet, consectetur adipiscing elit, sed doincididunt ut labore et dolore magna aliquaut enim.<\/p>",
                                                "team_member_social": [
                                                    {
                                                        "select_social_icon": {
                                                            "value": "fab fa-facebook",
                                                            "library": "fa-brands"
                                                        },
                                                        "social_link": {
                                                            "url": "#"
                                                        },
                                                        "_id": "13a7d5c"
                                                    },
                                                    {
                                                        "select_social_icon": {
                                                            "value": "fab fa-twitter",
                                                            "library": "fa-brands"
                                                        },
                                                        "social_link": {
                                                            "url": "#"
                                                        },
                                                        "_id": "234a1ff"
                                                    },
                                                    {
                                                        "select_social_icon": {
                                                            "value": "fab fa-youtube",
                                                            "library": "fa-brands"
                                                        },
                                                        "social_link": {
                                                            "url": "#"
                                                        },
                                                        "_id": "6fdd10a"
                                                    }
                                                ],
                                                "name_html_tag": "h6",
                                                "position_html_tag": "h6",
                                                "member_position_divider": "yes",
                                                "member_box_alignment": "left",
                                                "member_name_typography_font_family": "Imprima",
                                                "member_name_typography_font_size": {
                                                    "unit": "px",
                                                    "size": 18,
                                                    "sizes": []
                                                },
                                                "member_position_typography_font_family": "Imprima",
                                                "member_position_typography_font_size": {
                                                    "unit": "px",
                                                    "size": 18,
                                                    "sizes": []
                                                },
                                                "position_divider_width": {
                                                    "unit": "px",
                                                    "size": 50,
                                                    "sizes": []
                                                },
                                                "position_divider_height": {
                                                    "unit": "px",
                                                    "size": 2,
                                                    "sizes": []
                                                },
                                                "member_description_typography_font_family": "Imprima",
                                                "member_description_typography_font_size": {
                                                    "unit": "px",
                                                    "size": 18,
                                                    "sizes": []
                                                },
                                                "member_description_margin": {
                                                    "unit": "px",
                                                    "size": 20,
                                                    "sizes": []
                                                },
                                                "member_icons_gap": {
                                                    "unit": "px",
                                                    "size": 15,
                                                    "sizes": []
                                                },
                                                "member_links_padding": {
                                                    "unit": "px",
                                                    "top": "5",
                                                    "right": "5",
                                                    "bottom": "5",
                                                    "left": "5",
                                                    "isLinked": true
                                                },
                                                "__globals__": {
                                                    "member_position_text_color": "globals\/colors?id=8186ecd",
                                                    "member_name_text_color": "globals\/colors?id=87eb952",
                                                    "member_description_text_color": "globals\/colors?id=8186ecd",
                                                    "member_links_icons_color": "globals\/colors?id=87eb952",
                                                    "member_links_bg_color": "globals\/colors?id=cfa5c7b",
                                                    "member_links_icons_color_hover": "globals\/colors?id=87eb952",
                                                    "member_links_bg_color_hover": "globals\/colors?id=3b973d2",
                                                    "position_divider_color": "globals\/colors?id=3b973d2"
                                                },
                                                "_margin_mobile": {
                                                    "unit": "px",
                                                    "top": "30",
                                                    "right": "0",
                                                    "bottom": "0",
                                                    "left": "0",
                                                    "isLinked": false
                                                },
                                                "_padding_mobile": {
                                                    "unit": "px",
                                                    "top": "0",
                                                    "right": "0",
                                                    "bottom": "0",
                                                    "left": "0",
                                                    "isLinked": false
                                                },
                                                "image_size": "full",
                                                "image": {
                                                    "url": "https:\/\/templatekit.rometheme.net\/jumpkins\/wp-content\/uploads\/sites\/22\/2020\/12\/photo-35.jpg",
                                                    "id": 4147
                                                }
                                            },
                                            "elements": [],
                                            "isInner": false,
                                            "widgetType": "pp-team-member",
                                            "elType": "widget"
                                        }
                                    ],
                                    "isInner": true,
                                    "elType": "column"
                                },
                                {
                                    "id": "5d450726",
                                    "settings": {
                                        "_column_size": 33,
                                        "_inline_size": null,
                                        "margin": {
                                            "unit": "px",
                                            "top": "15",
                                            "right": "15",
                                            "bottom": "15",
                                            "left": "15",
                                            "isLinked": true
                                        },
                                        "_inline_size_tablet": 50,
                                        "margin_mobile": {
                                            "unit": "px",
                                            "top": "50",
                                            "right": "0",
                                            "bottom": "0",
                                            "left": "0",
                                            "isLinked": false
                                        },
                                        "padding_mobile": {
                                            "unit": "px",
                                            "top": "0",
                                            "right": "0",
                                            "bottom": "0",
                                            "left": "0",
                                            "isLinked": false
                                        }
                                    },
                                    "elements": [
                                        {
                                            "id": "430a6628",
                                            "settings": {
                                                "team_member_name": "Bryan Occore",
                                                "team_member_position": "Gitarist",
                                                "team_member_description": "Lorem ipsum dolor sit amet, consectetur\nadipiscing elit, sed do incididunt ut dolore magna aliquaut enim.",
                                                "team_member_social": [
                                                    {
                                                        "select_social_icon": {
                                                            "value": "fab fa-facebook",
                                                            "library": "fa-brands"
                                                        },
                                                        "social_link": {
                                                            "url": "#"
                                                        },
                                                        "_id": "13a7d5c"
                                                    },
                                                    {
                                                        "select_social_icon": {
                                                            "value": "fab fa-twitter",
                                                            "library": "fa-brands"
                                                        },
                                                        "social_link": {
                                                            "url": "#"
                                                        },
                                                        "_id": "234a1ff"
                                                    },
                                                    {
                                                        "select_social_icon": {
                                                            "value": "fab fa-youtube",
                                                            "library": "fa-brands"
                                                        },
                                                        "social_link": {
                                                            "url": "#"
                                                        },
                                                        "_id": "6fdd10a"
                                                    }
                                                ],
                                                "name_html_tag": "h6",
                                                "position_html_tag": "h6",
                                                "member_position_divider": "yes",
                                                "member_box_alignment": "left",
                                                "member_name_typography_font_family": "Imprima",
                                                "member_name_typography_font_size": {
                                                    "unit": "px",
                                                    "size": 18,
                                                    "sizes": []
                                                },
                                                "member_name_typography_font_weight": "bold",
                                                "member_position_typography_font_family": "Imprima",
                                                "member_position_typography_font_size": {
                                                    "unit": "px",
                                                    "size": 18,
                                                    "sizes": []
                                                },
                                                "position_divider_width": {
                                                    "unit": "px",
                                                    "size": 50,
                                                    "sizes": []
                                                },
                                                "position_divider_height": {
                                                    "unit": "px",
                                                    "size": 2,
                                                    "sizes": []
                                                },
                                                "member_description_typography_font_family": "Imprima",
                                                "member_description_typography_font_size": {
                                                    "unit": "px",
                                                    "size": 18,
                                                    "sizes": []
                                                },
                                                "member_description_margin": {
                                                    "unit": "px",
                                                    "size": 20,
                                                    "sizes": []
                                                },
                                                "member_icons_gap": {
                                                    "unit": "px",
                                                    "size": 15,
                                                    "sizes": []
                                                },
                                                "member_links_padding": {
                                                    "unit": "px",
                                                    "top": "5",
                                                    "right": "5",
                                                    "bottom": "5",
                                                    "left": "5",
                                                    "isLinked": true
                                                },
                                                "__globals__": {
                                                    "member_position_text_color": "globals\/colors?id=8186ecd",
                                                    "member_name_text_color": "globals\/colors?id=87eb952",
                                                    "member_description_text_color": "globals\/colors?id=8186ecd",
                                                    "member_links_icons_color": "globals\/colors?id=87eb952",
                                                    "member_links_bg_color": "globals\/colors?id=cfa5c7b",
                                                    "member_links_icons_color_hover": "globals\/colors?id=87eb952",
                                                    "member_links_bg_color_hover": "globals\/colors?id=3b973d2",
                                                    "position_divider_color": "globals\/colors?id=3b973d2"
                                                },
                                                "image_size": "full",
                                                "image": {
                                                    "url": "https:\/\/templatekit.rometheme.net\/jumpkins\/wp-content\/uploads\/sites\/22\/2020\/12\/photo-36.jpg",
                                                    "id": 4149
                                                }
                                            },
                                            "elements": [],
                                            "isInner": false,
                                            "widgetType": "pp-team-member",
                                            "elType": "widget"
                                        }
                                    ],
                                    "isInner": true,
                                    "elType": "column"
                                },
                                {
                                    "id": "3166b59e",
                                    "settings": {
                                        "_column_size": 33,
                                        "_inline_size": null,
                                        "margin": {
                                            "unit": "px",
                                            "top": "15",
                                            "right": "15",
                                            "bottom": "15",
                                            "left": "15",
                                            "isLinked": true
                                        },
                                        "_inline_size_tablet": 100,
                                        "margin_mobile": {
                                            "unit": "px",
                                            "top": "50",
                                            "right": "0",
                                            "bottom": "0",
                                            "left": "0",
                                            "isLinked": false
                                        },
                                        "padding_mobile": {
                                            "unit": "px",
                                            "top": "0",
                                            "right": "0",
                                            "bottom": "0",
                                            "left": "0",
                                            "isLinked": false
                                        }
                                    },
                                    "elements": [
                                        {
                                            "id": "1a5cfd54",
                                            "settings": {
                                                "team_member_name": "Martien Gryx",
                                                "team_member_position": "Bassist",
                                                "team_member_description": "<p>Excepteur sint occaecat cupidatat non proident, sunt in culpa qui officia deserunt mollit anim id est laborum.<\/p>",
                                                "team_member_social": [
                                                    {
                                                        "select_social_icon": {
                                                            "value": "fab fa-facebook",
                                                            "library": "fa-brands"
                                                        },
                                                        "social_link": {
                                                            "url": "#"
                                                        },
                                                        "_id": "13a7d5c"
                                                    },
                                                    {
                                                        "select_social_icon": {
                                                            "value": "fab fa-twitter",
                                                            "library": "fa-brands"
                                                        },
                                                        "social_link": {
                                                            "url": "#"
                                                        },
                                                        "_id": "234a1ff"
                                                    },
                                                    {
                                                        "select_social_icon": {
                                                            "value": "fab fa-youtube",
                                                            "library": "fa-brands"
                                                        },
                                                        "social_link": {
                                                            "url": "#"
                                                        },
                                                        "_id": "6fdd10a"
                                                    }
                                                ],
                                                "name_html_tag": "h6",
                                                "position_html_tag": "h6",
                                                "member_position_divider": "yes",
                                                "member_box_alignment": "left",
                                                "member_name_typography_font_family": "Imprima",
                                                "member_name_typography_font_size": {
                                                    "unit": "px",
                                                    "size": 18,
                                                    "sizes": []
                                                },
                                                "member_name_typography_font_weight": "bold",
                                                "member_position_typography_font_family": "Imprima",
                                                "member_position_typography_font_size": {
                                                    "unit": "px",
                                                    "size": 18,
                                                    "sizes": []
                                                },
                                                "position_divider_width": {
                                                    "unit": "px",
                                                    "size": 50,
                                                    "sizes": []
                                                },
                                                "position_divider_height": {
                                                    "unit": "px",
                                                    "size": 2,
                                                    "sizes": []
                                                },
                                                "member_description_typography_font_family": "Imprima",
                                                "member_description_typography_font_size": {
                                                    "unit": "px",
                                                    "size": 18,
                                                    "sizes": []
                                                },
                                                "member_description_margin": {
                                                    "unit": "px",
                                                    "size": 20,
                                                    "sizes": []
                                                },
                                                "member_icons_gap": {
                                                    "unit": "px",
                                                    "size": 15,
                                                    "sizes": []
                                                },
                                                "member_links_padding": {
                                                    "unit": "px",
                                                    "top": "5",
                                                    "right": "5",
                                                    "bottom": "5",
                                                    "left": "5",
                                                    "isLinked": true
                                                },
                                                "__globals__": {
                                                    "member_position_text_color": "globals\/colors?id=8186ecd",
                                                    "member_name_text_color": "globals\/colors?id=87eb952",
                                                    "member_description_text_color": "globals\/colors?id=8186ecd",
                                                    "member_links_icons_color": "globals\/colors?id=87eb952",
                                                    "member_links_bg_color": "globals\/colors?id=cfa5c7b",
                                                    "member_links_icons_color_hover": "globals\/colors?id=87eb952",
                                                    "member_links_bg_color_hover": "globals\/colors?id=3b973d2",
                                                    "position_divider_color": "globals\/colors?id=3b973d2"
                                                },
                                                "image_size": "full",
                                                "image": {
                                                    "url": "https:\/\/templatekit.rometheme.net\/jumpkins\/wp-content\/uploads\/sites\/22\/2020\/12\/photo-38.jpg",
                                                    "id": 4150
                                                }
                                            },
                                            "elements": [],
                                            "isInner": false,
                                            "widgetType": "pp-team-member",
                                            "elType": "widget"
                                        }
                                    ],
                                    "isInner": true,
                                    "elType": "column"
                                }
                            ],
                            "isInner": true,
                            "elType": "section"
                        },
                        {
                            "id": "580ecf41",
                            "settings": {
                                "structure": "30",
                                "padding": {
                                    "unit": "px",
                                    "top": "50",
                                    "right": "0",
                                    "bottom": "0",
                                    "left": "0",
                                    "isLinked": false
                                }
                            },
                            "elements": [
                                {
                                    "id": "459f32dc",
                                    "settings": {
                                        "_column_size": 33,
                                        "_inline_size": null,
                                        "margin": {
                                            "unit": "px",
                                            "top": "15",
                                            "right": "15",
                                            "bottom": "15",
                                            "left": "15",
                                            "isLinked": true
                                        },
                                        "_inline_size_tablet": 50,
                                        "margin_mobile": {
                                            "unit": "px",
                                            "top": "0",
                                            "right": "0",
                                            "bottom": "0",
                                            "left": "0",
                                            "isLinked": false
                                        },
                                        "padding_mobile": {
                                            "unit": "px",
                                            "top": "0",
                                            "right": "0",
                                            "bottom": "0",
                                            "left": "0",
                                            "isLinked": false
                                        }
                                    },
                                    "elements": [
                                        {
                                            "id": "7f44d37f",
                                            "settings": {
                                                "team_member_name": "Lova Diamante",
                                                "team_member_position": "Drumer",
                                                "team_member_description": "<p>Lorem ipsum dolor sit amet, consectetur adipiscing elit, sed doincididunt ut labore et dolore magna aliquaut enim.<\/p>",
                                                "team_member_social": [
                                                    {
                                                        "select_social_icon": {
                                                            "value": "fab fa-facebook",
                                                            "library": "fa-brands"
                                                        },
                                                        "social_link": {
                                                            "url": "#"
                                                        },
                                                        "_id": "13a7d5c"
                                                    },
                                                    {
                                                        "select_social_icon": {
                                                            "value": "fab fa-twitter",
                                                            "library": "fa-brands"
                                                        },
                                                        "social_link": {
                                                            "url": "#"
                                                        },
                                                        "_id": "234a1ff"
                                                    },
                                                    {
                                                        "select_social_icon": {
                                                            "value": "fab fa-youtube",
                                                            "library": "fa-brands"
                                                        },
                                                        "social_link": {
                                                            "url": "#"
                                                        },
                                                        "_id": "6fdd10a"
                                                    }
                                                ],
                                                "name_html_tag": "h6",
                                                "position_html_tag": "h6",
                                                "member_position_divider": "yes",
                                                "member_box_alignment": "left",
                                                "member_name_typography_font_family": "Imprima",
                                                "member_name_typography_font_size": {
                                                    "unit": "px",
                                                    "size": 18,
                                                    "sizes": []
                                                },
                                                "member_name_typography_font_weight": "bold",
                                                "member_position_typography_font_family": "Imprima",
                                                "member_position_typography_font_size": {
                                                    "unit": "px",
                                                    "size": 18,
                                                    "sizes": []
                                                },
                                                "position_divider_width": {
                                                    "unit": "px",
                                                    "size": 50,
                                                    "sizes": []
                                                },
                                                "position_divider_height": {
                                                    "unit": "px",
                                                    "size": 2,
                                                    "sizes": []
                                                },
                                                "member_description_typography_font_family": "Imprima",
                                                "member_description_typography_font_size": {
                                                    "unit": "px",
                                                    "size": 18,
                                                    "sizes": []
                                                },
                                                "member_description_margin": {
                                                    "unit": "px",
                                                    "size": 20,
                                                    "sizes": []
                                                },
                                                "member_icons_gap": {
                                                    "unit": "px",
                                                    "size": 15,
                                                    "sizes": []
                                                },
                                                "member_links_padding": {
                                                    "unit": "px",
                                                    "top": "5",
                                                    "right": "5",
                                                    "bottom": "5",
                                                    "left": "5",
                                                    "isLinked": true
                                                },
                                                "__globals__": {
                                                    "member_position_text_color": "globals\/colors?id=8186ecd",
                                                    "member_name_text_color": "globals\/colors?id=87eb952",
                                                    "member_description_text_color": "globals\/colors?id=8186ecd",
                                                    "member_links_icons_color": "globals\/colors?id=87eb952",
                                                    "member_links_bg_color": "globals\/colors?id=cfa5c7b",
                                                    "member_links_icons_color_hover": "globals\/colors?id=87eb952",
                                                    "member_links_bg_color_hover": "globals\/colors?id=3b973d2",
                                                    "position_divider_color": "globals\/colors?id=3b973d2"
                                                },
                                                "image_size": "full",
                                                "image": {
                                                    "url": "https:\/\/templatekit.rometheme.net\/jumpkins\/wp-content\/uploads\/sites\/22\/2020\/12\/photo-37.jpg",
                                                    "id": 4151
                                                }
                                            },
                                            "elements": [],
                                            "isInner": false,
                                            "widgetType": "pp-team-member",
                                            "elType": "widget"
                                        }
                                    ],
                                    "isInner": true,
                                    "elType": "column"
                                },
                                {
                                    "id": "5cb6f7bb",
                                    "settings": {
                                        "_column_size": 33,
                                        "_inline_size": null,
                                        "margin": {
                                            "unit": "px",
                                            "top": "15",
                                            "right": "15",
                                            "bottom": "15",
                                            "left": "15",
                                            "isLinked": true
                                        },
                                        "_inline_size_tablet": 50,
                                        "margin_mobile": {
                                            "unit": "px",
                                            "top": "50",
                                            "right": "0",
                                            "bottom": "0",
                                            "left": "0",
                                            "isLinked": false
                                        },
                                        "padding_mobile": {
                                            "unit": "px",
                                            "top": "0",
                                            "right": "0",
                                            "bottom": "0",
                                            "left": "0",
                                            "isLinked": false
                                        }
                                    },
                                    "elements": [
                                        {
                                            "id": "3eed7fa6",
                                            "settings": {
                                                "team_member_name": "Alea Mysiael",
                                                "team_member_position": "Pianis",
                                                "team_member_description": "Lorem ipsum dolor sit amet, consectetur\nadipiscing elit, sed do incididunt ut dolore magna aliquaut enim.",
                                                "team_member_social": [
                                                    {
                                                        "select_social_icon": {
                                                            "value": "fab fa-facebook",
                                                            "library": "fa-brands"
                                                        },
                                                        "social_link": {
                                                            "url": "#"
                                                        },
                                                        "_id": "13a7d5c"
                                                    },
                                                    {
                                                        "select_social_icon": {
                                                            "value": "fab fa-twitter",
                                                            "library": "fa-brands"
                                                        },
                                                        "social_link": {
                                                            "url": "#"
                                                        },
                                                        "_id": "234a1ff"
                                                    },
                                                    {
                                                        "select_social_icon": {
                                                            "value": "fab fa-youtube",
                                                            "library": "fa-brands"
                                                        },
                                                        "social_link": {
                                                            "url": "#"
                                                        },
                                                        "_id": "6fdd10a"
                                                    }
                                                ],
                                                "name_html_tag": "h6",
                                                "position_html_tag": "h6",
                                                "member_position_divider": "yes",
                                                "member_box_alignment": "left",
                                                "member_name_typography_font_family": "Imprima",
                                                "member_name_typography_font_size": {
                                                    "unit": "px",
                                                    "size": 18,
                                                    "sizes": []
                                                },
                                                "member_name_typography_font_weight": "bold",
                                                "member_position_typography_font_family": "Imprima",
                                                "member_position_typography_font_size": {
                                                    "unit": "px",
                                                    "size": 18,
                                                    "sizes": []
                                                },
                                                "position_divider_width": {
                                                    "unit": "px",
                                                    "size": 50,
                                                    "sizes": []
                                                },
                                                "position_divider_height": {
                                                    "unit": "px",
                                                    "size": 2,
                                                    "sizes": []
                                                },
                                                "member_description_typography_font_family": "Imprima",
                                                "member_description_typography_font_size": {
                                                    "unit": "px",
                                                    "size": 18,
                                                    "sizes": []
                                                },
                                                "member_description_margin": {
                                                    "unit": "px",
                                                    "size": 20,
                                                    "sizes": []
                                                },
                                                "member_icons_gap": {
                                                    "unit": "px",
                                                    "size": 15,
                                                    "sizes": []
                                                },
                                                "member_links_padding": {
                                                    "unit": "px",
                                                    "top": "5",
                                                    "right": "5",
                                                    "bottom": "5",
                                                    "left": "5",
                                                    "isLinked": true
                                                },
                                                "__globals__": {
                                                    "member_position_text_color": "globals\/colors?id=8186ecd",
                                                    "member_name_text_color": "globals\/colors?id=87eb952",
                                                    "member_description_text_color": "globals\/colors?id=8186ecd",
                                                    "member_links_icons_color": "globals\/colors?id=87eb952",
                                                    "member_links_bg_color": "globals\/colors?id=cfa5c7b",
                                                    "member_links_icons_color_hover": "globals\/colors?id=87eb952",
                                                    "member_links_bg_color_hover": "globals\/colors?id=3b973d2",
                                                    "position_divider_color": "globals\/colors?id=3b973d2"
                                                },
                                                "image_size": "full",
                                                "image": {
                                                    "url": "https:\/\/templatekit.rometheme.net\/jumpkins\/wp-content\/uploads\/sites\/22\/2020\/12\/photo-38.jpg",
                                                    "id": 4150
                                                }
                                            },
                                            "elements": [],
                                            "isInner": false,
                                            "widgetType": "pp-team-member",
                                            "elType": "widget"
                                        }
                                    ],
                                    "isInner": true,
                                    "elType": "column"
                                },
                                {
                                    "id": "66da136e",
                                    "settings": {
                                        "_column_size": 33,
                                        "_inline_size": null,
                                        "margin": {
                                            "unit": "px",
                                            "top": "15",
                                            "right": "15",
                                            "bottom": "15",
                                            "left": "15",
                                            "isLinked": true
                                        },
                                        "_inline_size_tablet": 100,
                                        "margin_mobile": {
                                            "unit": "px",
                                            "top": "50",
                                            "right": "0",
                                            "bottom": "0",
                                            "left": "0",
                                            "isLinked": false
                                        },
                                        "padding_mobile": {
                                            "unit": "px",
                                            "top": "0",
                                            "right": "0",
                                            "bottom": "0",
                                            "left": "0",
                                            "isLinked": false
                                        }
                                    },
                                    "elements": [
                                        {
                                            "id": "196883cd",
                                            "settings": {
                                                "team_member_name": "Morella Exs",
                                                "team_member_position": "Pianis",
                                                "team_member_description": "<p>Excepteur sint occaecat cupidatat non proident, sunt in culpa qui officia deserunt mollit anim id est laborum.<\/p>",
                                                "team_member_social": [
                                                    {
                                                        "select_social_icon": {
                                                            "value": "fab fa-facebook",
                                                            "library": "fa-brands"
                                                        },
                                                        "social_link": {
                                                            "url": "#"
                                                        },
                                                        "_id": "13a7d5c"
                                                    },
                                                    {
                                                        "select_social_icon": {
                                                            "value": "fab fa-twitter",
                                                            "library": "fa-brands"
                                                        },
                                                        "social_link": {
                                                            "url": "#"
                                                        },
                                                        "_id": "234a1ff"
                                                    },
                                                    {
                                                        "select_social_icon": {
                                                            "value": "fab fa-youtube",
                                                            "library": "fa-brands"
                                                        },
                                                        "social_link": {
                                                            "url": "#"
                                                        },
                                                        "_id": "6fdd10a"
                                                    }
                                                ],
                                                "name_html_tag": "h6",
                                                "position_html_tag": "h6",
                                                "member_position_divider": "yes",
                                                "member_box_alignment": "left",
                                                "member_name_typography_font_family": "Imprima",
                                                "member_name_typography_font_size": {
                                                    "unit": "px",
                                                    "size": 18,
                                                    "sizes": []
                                                },
                                                "member_name_typography_font_weight": "bold",
                                                "member_position_typography_font_family": "Imprima",
                                                "member_position_typography_font_size": {
                                                    "unit": "px",
                                                    "size": 18,
                                                    "sizes": []
                                                },
                                                "position_divider_width": {
                                                    "unit": "px",
                                                    "size": 50,
                                                    "sizes": []
                                                },
                                                "position_divider_height": {
                                                    "unit": "px",
                                                    "size": 2,
                                                    "sizes": []
                                                },
                                                "member_description_typography_font_family": "Imprima",
                                                "member_description_typography_font_size": {
                                                    "unit": "px",
                                                    "size": 18,
                                                    "sizes": []
                                                },
                                                "member_description_margin": {
                                                    "unit": "px",
                                                    "size": 20,
                                                    "sizes": []
                                                },
                                                "member_icons_gap": {
                                                    "unit": "px",
                                                    "size": 15,
                                                    "sizes": []
                                                },
                                                "member_links_padding": {
                                                    "unit": "px",
                                                    "top": "5",
                                                    "right": "5",
                                                    "bottom": "5",
                                                    "left": "5",
                                                    "isLinked": true
                                                },
                                                "__globals__": {
                                                    "member_position_text_color": "globals\/colors?id=8186ecd",
                                                    "member_name_text_color": "globals\/colors?id=87eb952",
                                                    "member_description_text_color": "globals\/colors?id=8186ecd",
                                                    "member_links_icons_color": "globals\/colors?id=87eb952",
                                                    "member_links_bg_color": "globals\/colors?id=cfa5c7b",
                                                    "member_links_icons_color_hover": "globals\/colors?id=87eb952",
                                                    "member_links_bg_color_hover": "globals\/colors?id=3b973d2",
                                                    "position_divider_color": "globals\/colors?id=3b973d2"
                                                },
                                                "image_size": "full",
                                                "image": {
                                                    "url": "https:\/\/templatekit.rometheme.net\/jumpkins\/wp-content\/uploads\/sites\/22\/2020\/12\/photo-36.jpg",
                                                    "id": 4149
                                                }
                                            },
                                            "elements": [],
                                            "isInner": false,
                                            "widgetType": "pp-team-member",
                                            "elType": "widget"
                                        }
                                    ],
                                    "isInner": true,
                                    "elType": "column"
                                }
                            ],
                            "isInner": true,
                            "elType": "section"
                        }
                    ],
                    "isInner": false,
                    "elType": "column"
                }
            ],
            "isInner": false,
            "elType": "section"
        }
    ]
}