{
    "version": "0.4",
    "title": "Header",
    "type": "section",
    "metadata": {
        "template_type": "section-header",
        "include_in_zip": "1",
        "elementor_pro_required": "1",
        "wp_page_template": "elementor_canvas"
    },
    "content": [
        {
            "id": "77fc7f89",
            "settings": {
                "gap": "no",
                "custom_height": {
                    "unit": "px",
                    "size": 80
                },
                "content_position": "middle",
                "structure": "33",
                "background_background": "classic",
                "margin": {
                    "unit": "px",
                    "top": "",
                    "right": 0,
                    "bottom": "",
                    "left": 0,
                    "isLinked": true
                },
                "padding_tablet": {
                    "unit": "px",
                    "top": "30",
                    "right": "20",
                    "bottom": "30",
                    "left": "20",
                    "isLinked": false
                },
                "padding_mobile": {
                    "unit": "px",
                    "top": "20",
                    "right": "20",
                    "bottom": "20",
                    "left": "20",
                    "isLinked": false
                },
                "height": "min-height",
                "html_tag": "header",
                "_timestamp_": "v1TUQwc2ZpbGpOYzZ3VFY0bXk5S09sUT09",
                "background_motion_fx_motion_fx_scrolling": "yes",
                "background_motion_fx_opacity_level": {
                    "unit": "px",
                    "size": 1,
                    "sizes": []
                },
                "background_motion_fx_opacity_range": {
                    "unit": "%",
                    "size": "",
                    "sizes": {
                        "start": 40,
                        "end": 57
                    }
                },
                "__globals__": {
                    "background_color": "globals\/colors?id=137e974"
                },
                "padding": {
                    "unit": "em",
                    "top": "1",
                    "right": "0",
                    "bottom": "0",
                    "left": "0",
                    "isLinked": false
                }
            },
            "elements": [
                {
                    "id": "56998429",
                    "settings": {
                        "_column_size": 25,
                        "_inline_size": null,
                        "_inline_size_mobile": 50
                    },
                    "elements": [
                        {
                            "id": "7eb52fd",
                            "settings": {
                                "__dynamic__": {
                                    "image": "[elementor-tag id=\"\" name=\"site-logo\" settings=\"%7B%7D\"]",
                                    "link": "[elementor-tag id=\"\" name=\"site-url\" settings=\"%7B%7D\"]"
                                },
                                "width": {
                                    "unit": "px",
                                    "size": 200
                                },
                                "image": {
                                    "id": "2733",
                                    "url": "https:\/\/templatekit.rometheme.net\/jumpkins\/wp-content\/uploads\/sites\/22\/2020\/12\/placeholder.png"
                                },
                                "align": "left",
                                "align_tablet": "left",
                                "align_mobile": "left",
                                "_background_background": "classic",
                                "space": {
                                    "unit": "%",
                                    "size": 100,
                                    "sizes": []
                                }
                            },
                            "elements": [],
                            "isInner": false,
                            "widgetType": "theme-site-logo",
                            "elType": "widget"
                        }
                    ],
                    "isInner": false,
                    "elType": "column"
                },
                {
                    "id": "10e6238d",
                    "settings": {
                        "_column_size": 50,
                        "_inline_size": 70.438999999999992951416061259806156158447265625,
                        "_inline_size_mobile": 35
                    },
                    "elements": [
                        {
                            "id": "6ea0621f",
                            "settings": {
                                "align_items": "center",
                                "animation_text": "sink",
                                "toggle_align": "right",
                                "pointer_color_menu_item_hover": "#FF00AB",
                                "menu_typography_typography": "custom",
                                "menu_typography_font_size": {
                                    "unit": "px",
                                    "size": 15
                                },
                                "pointer_width": {
                                    "unit": "px",
                                    "size": 5
                                },
                                "background_color_dropdown_item": "#C3C3C370",
                                "background_color_dropdown_item_hover": "#040724",
                                "dropdown_typography_typography": "custom",
                                "dropdown_typography_font_size": {
                                    "unit": "px",
                                    "size": 15
                                },
                                "toggle_size": {
                                    "unit": "px",
                                    "size": 25
                                },
                                "toggle_border_width": {
                                    "unit": "px",
                                    "size": 0
                                },
                                "toggle_border_radius": {
                                    "unit": "px",
                                    "size": 0
                                },
                                "padding_vertical_menu_item": {
                                    "unit": "px",
                                    "size": 40
                                },
                                "full_width": "stretch",
                                "dropdown_top_distance_tablet": {
                                    "unit": "px",
                                    "size": 45
                                },
                                "dropdown_top_distance_mobile": {
                                    "unit": "px",
                                    "size": 35
                                },
                                "menu_typography_font_family": "Expletus Sans",
                                "dropdown_typography_font_family": "Imprima",
                                "__globals__": {
                                    "color_dropdown_item_hover": "globals\/colors?id=87eb952",
                                    "toggle_color_hover": "globals\/colors?id=3b973d2",
                                    "pointer_color_menu_item_hover": "globals\/colors?id=3b973d2",
                                    "color_menu_item_hover": "globals\/colors?id=7c0a1d1",
                                    "background_color_dropdown_item": "globals\/colors?id=7c0a1d1",
                                    "background_color_dropdown_item_hover": "globals\/colors?id=137e974",
                                    "dropdown_border_color": "globals\/colors?id=cfa5c7b",
                                    "dropdown_divider_color": "globals\/colors?id=cfa5c7b",
                                    "color_menu_item": "globals\/colors?id=87eb952",
                                    "color_dropdown_item": "globals\/colors?id=33a517f",
                                    "toggle_color": "globals\/colors?id=87eb952"
                                },
                                "menu_typography_font_weight": "bold",
                                "color_dropdown_item_hover": "#E9E9E9",
                                "dropdown_typography_font_weight": "bold",
                                "dropdown_border_border": "solid",
                                "dropdown_border_width": {
                                    "unit": "px",
                                    "top": "1",
                                    "right": "1",
                                    "bottom": "1",
                                    "left": "1",
                                    "isLinked": true
                                },
                                "dropdown_border_color": "#FF00AB",
                                "dropdown_divider_border": "solid",
                                "dropdown_divider_color": "#FF00AB",
                                "dropdown_divider_width": {
                                    "unit": "px",
                                    "size": 1,
                                    "sizes": []
                                },
                                "toggle_color_hover": "#FF00AB"
                            },
                            "elements": [],
                            "isInner": false,
                            "widgetType": "nav-menu",
                            "elType": "widget"
                        }
                    ],
                    "isInner": false,
                    "elType": "column"
                },
                {
                    "id": "30fa7a26",
                    "settings": {
                        "_column_size": 25,
                        "_inline_size": 4.56099999999999994315658113919198513031005859375,
                        "_inline_size_mobile": 15
                    },
                    "elements": [
                        {
                            "id": "275caee",
                            "settings": {
                                "skin": "full_screen",
                                "placeholder": "Search...",
                                "button_text": "Search",
                                "toggle_align": "right",
                                "toggle_size": {
                                    "unit": "px",
                                    "size": 40
                                },
                                "input_typography_typography": "custom",
                                "input_typography_font_size": {
                                    "unit": "px",
                                    "size": 35
                                },
                                "toggle_icon_size": {
                                    "unit": "px",
                                    "size": 50
                                },
                                "__globals__": {
                                    "input_text_color": "",
                                    "overlay_background_color": "globals\/colors?id=137e974",
                                    "toggle_color": "globals\/colors?id=7c0a1d1",
                                    "toggle_color_hover": "globals\/colors?id=87eb952"
                                }
                            },
                            "elements": [],
                            "isInner": false,
                            "widgetType": "search-form",
                            "elType": "widget"
                        }
                    ],
                    "isInner": false,
                    "elType": "column"
                }
            ],
            "isInner": false,
            "elType": "section"
        }
    ]
}