{
    "version": "0.4",
    "title": "Pricing",
    "type": "page",
    "metadata": {
        "template_type": "single-page",
        "include_in_zip": "1",
        "elementor_pro_required": "1",
        "wp_page_template": "elementor_header_footer"
    },
    "content": [
        {
            "id": "190914ac",
            "settings": {
                "height": "min-height",
                "custom_height": {
                    "unit": "px",
                    "size": 500,
                    "sizes": []
                },
                "background_background": "classic",
                "background_overlay_background": "classic",
                "shape_divider_bottom_width": {
                    "unit": "%",
                    "size": 100,
                    "sizes": []
                },
                "shape_divider_bottom_height": {
                    "unit": "px",
                    "size": 191,
                    "sizes": []
                },
                "__globals__": {
                    "background_overlay_color": "",
                    "background_color": "",
                    "shape_divider_bottom_color": "",
                    "background_color_b": "",
                    "shape_divider_top_color": ""
                },
                "shape_divider_top_width": {
                    "unit": "%",
                    "size": 100,
                    "sizes": []
                },
                "shape_divider_top_height": {
                    "unit": "px",
                    "size": 150,
                    "sizes": []
                },
                "shape_divider_top_flip": "yes",
                "shape_divider_bottom_flip": "yes",
                "shape_divider_top_width_mobile": {
                    "unit": "%",
                    "size": 300,
                    "sizes": []
                },
                "shape_divider_top_height_mobile": {
                    "unit": "px",
                    "size": 230,
                    "sizes": []
                },
                "background_overlay_opacity": {
                    "unit": "px",
                    "size": 0.8000000000000000444089209850062616169452667236328125,
                    "sizes": []
                },
                "overlay_blend_mode": "multiply",
                "shape_divider_top_color": "#00A2FF26",
                "background_image": {
                    "url": "https:\/\/templatekit.rometheme.net\/jumpkins\/wp-content\/uploads\/sites\/22\/2020\/12\/back-6.jpg",
                    "id": 3667
                },
                "background_position": "bottom center",
                "background_repeat": "no-repeat",
                "shape_divider_bottom_color": "#FF00AB26",
                "background_size": "cover"
            },
            "elements": [
                {
                    "id": "78bcdf1c",
                    "settings": {
                        "_column_size": 100,
                        "_inline_size": null,
                        "background_background": "classic",
                        "background_position": "center center",
                        "background_size": "cover",
                        "background_overlay_background": "classic",
                        "__globals__": {
                            "background_color": "",
                            "background_overlay_color": ""
                        },
                        "padding": {
                            "unit": "em",
                            "top": "",
                            "right": "",
                            "bottom": "",
                            "left": "",
                            "isLinked": true
                        }
                    },
                    "elements": [
                        {
                            "id": "292d3b2d",
                            "settings": [],
                            "elements": [
                                {
                                    "id": "6a411c81",
                                    "settings": {
                                        "_column_size": 100,
                                        "_inline_size": null,
                                        "margin_mobile": {
                                            "unit": "px",
                                            "top": "0",
                                            "right": "0",
                                            "bottom": "0",
                                            "left": "0",
                                            "isLinked": false
                                        },
                                        "padding_mobile": {
                                            "unit": "px",
                                            "top": "0",
                                            "right": "0",
                                            "bottom": "0",
                                            "left": "0",
                                            "isLinked": false
                                        }
                                    },
                                    "elements": [
                                        {
                                            "id": "68f84ec5",
                                            "settings": {
                                                "title": "PRICING",
                                                "header_size": "h4",
                                                "align": "center",
                                                "typography_font_family": "Imprima",
                                                "typography_font_size": {
                                                    "unit": "px",
                                                    "size": 42,
                                                    "sizes": []
                                                },
                                                "_margin": {
                                                    "unit": "px",
                                                    "top": "0",
                                                    "right": "0",
                                                    "bottom": "0",
                                                    "left": "0",
                                                    "isLinked": false
                                                },
                                                "_background_background": "classic",
                                                "__globals__": {
                                                    "_background_color": "",
                                                    "title_color": "globals\/colors?id=87eb952"
                                                },
                                                "typography_font_size_mobile": {
                                                    "unit": "px",
                                                    "size": 30,
                                                    "sizes": []
                                                }
                                            },
                                            "elements": [],
                                            "isInner": false,
                                            "widgetType": "heading",
                                            "elType": "widget"
                                        },
                                        {
                                            "id": "4f28b7a9",
                                            "settings": {
                                                "title": "BEST TICKET DEALS",
                                                "align": "center",
                                                "typography_font_family": "Expletus Sans",
                                                "typography_font_size": {
                                                    "unit": "px",
                                                    "size": 50,
                                                    "sizes": []
                                                },
                                                "typography_font_weight": "bold",
                                                "__globals__": {
                                                    "title_color": "globals\/colors?id=87eb952"
                                                },
                                                "header_size": "h3",
                                                "typography_font_size_mobile": {
                                                    "unit": "px",
                                                    "size": 50,
                                                    "sizes": []
                                                },
                                                "align_tablet": "center",
                                                "align_mobile": "center",
                                                "_margin": {
                                                    "unit": "px",
                                                    "top": "-10",
                                                    "right": "0",
                                                    "bottom": "0",
                                                    "left": "0",
                                                    "isLinked": false
                                                }
                                            },
                                            "elements": [],
                                            "isInner": false,
                                            "widgetType": "heading",
                                            "elType": "widget"
                                        }
                                    ],
                                    "isInner": true,
                                    "elType": "column"
                                }
                            ],
                            "isInner": true,
                            "elType": "section"
                        }
                    ],
                    "isInner": false,
                    "elType": "column"
                }
            ],
            "isInner": false,
            "elType": "section"
        },
        {
            "id": "2932ec0f",
            "settings": {
                "background_background": "classic",
                "padding": {
                    "unit": "em",
                    "top": "5",
                    "right": "1",
                    "bottom": "5",
                    "left": "1",
                    "isLinked": false
                },
                "__globals__": {
                    "background_color": "globals\/colors?id=33a517f"
                },
                "background_position": "center center",
                "background_repeat": "no-repeat",
                "background_size": "cover"
            },
            "elements": [
                {
                    "id": "1032eadc",
                    "settings": {
                        "_column_size": 100,
                        "_inline_size": null,
                        "background_background": "classic",
                        "border_radius": {
                            "unit": "px",
                            "top": "10",
                            "right": "10",
                            "bottom": "10",
                            "left": "10",
                            "isLinked": true
                        },
                        "padding": {
                            "unit": "em",
                            "top": "",
                            "right": "",
                            "bottom": "",
                            "left": "",
                            "isLinked": true
                        },
                        "__globals__": {
                            "background_color": ""
                        },
                        "margin_mobile": {
                            "unit": "px",
                            "top": "0",
                            "right": "0",
                            "bottom": "0",
                            "left": "0",
                            "isLinked": true
                        },
                        "padding_mobile": {
                            "unit": "px",
                            "top": "0",
                            "right": "0",
                            "bottom": "0",
                            "left": "0",
                            "isLinked": true
                        }
                    },
                    "elements": [
                        {
                            "id": "3a3ee6d1",
                            "settings": [],
                            "elements": [
                                {
                                    "id": "592c6225",
                                    "settings": {
                                        "_column_size": 100,
                                        "_inline_size": null,
                                        "margin_mobile": {
                                            "unit": "px",
                                            "top": "0",
                                            "right": "0",
                                            "bottom": "0",
                                            "left": "0",
                                            "isLinked": false
                                        },
                                        "padding_mobile": {
                                            "unit": "px",
                                            "top": "0",
                                            "right": "0",
                                            "bottom": "0",
                                            "left": "0",
                                            "isLinked": false
                                        }
                                    },
                                    "elements": [
                                        {
                                            "id": "25c7ab72",
                                            "settings": {
                                                "title": "EVENT PASS",
                                                "header_size": "h5",
                                                "align": "center",
                                                "typography_font_family": "Expletus Sans",
                                                "typography_font_size": {
                                                    "unit": "px",
                                                    "size": 32,
                                                    "sizes": []
                                                },
                                                "_margin": {
                                                    "unit": "px",
                                                    "top": "0",
                                                    "right": "0",
                                                    "bottom": "20",
                                                    "left": "0",
                                                    "isLinked": false
                                                },
                                                "_background_background": "classic",
                                                "__globals__": {
                                                    "_background_color": "",
                                                    "title_color": "globals\/colors?id=87eb952"
                                                },
                                                "typography_font_size_mobile": {
                                                    "unit": "px",
                                                    "size": 30,
                                                    "sizes": []
                                                },
                                                "align_tablet": "center"
                                            },
                                            "elements": [],
                                            "isInner": false,
                                            "widgetType": "heading",
                                            "elType": "widget"
                                        }
                                    ],
                                    "isInner": true,
                                    "elType": "column"
                                }
                            ],
                            "isInner": true,
                            "elType": "section"
                        },
                        {
                            "id": "276809e0",
                            "settings": {
                                "structure": "30"
                            },
                            "elements": [
                                {
                                    "id": "30ef7f57",
                                    "settings": {
                                        "_column_size": 33,
                                        "_inline_size": null,
                                        "content_position": "center",
                                        "space_between_widgets": 20,
                                        "background_background": "classic",
                                        "background_image": {
                                            "url": "https:\/\/templatekit.rometheme.net\/jumpkins\/wp-content\/uploads\/sites\/22\/2020\/11\/Frame-1-1.jpg",
                                            "id": 626
                                        },
                                        "background_position": "center center",
                                        "background_repeat": "no-repeat",
                                        "background_size": "cover",
                                        "margin": {
                                            "unit": "px",
                                            "top": "25",
                                            "right": "25",
                                            "bottom": "25",
                                            "left": "25",
                                            "isLinked": true
                                        },
                                        "padding": {
                                            "unit": "px",
                                            "top": "5",
                                            "right": "5",
                                            "bottom": "5",
                                            "left": "5",
                                            "isLinked": true
                                        },
                                        "_inline_size_tablet": 50,
                                        "margin_mobile": {
                                            "unit": "px",
                                            "top": "30",
                                            "right": "0",
                                            "bottom": "0",
                                            "left": "0",
                                            "isLinked": false
                                        },
                                        "padding_mobile": {
                                            "unit": "px",
                                            "top": "5",
                                            "right": "5",
                                            "bottom": "5",
                                            "left": "5",
                                            "isLinked": true
                                        }
                                    },
                                    "elements": [
                                        {
                                            "id": "7645e219",
                                            "settings": {
                                                "heading": "BRONZE",
                                                "sub_heading": "",
                                                "heading_tag": "h5",
                                                "price": "39.99",
                                                "period": "",
                                                "features_list": [
                                                    {
                                                        "item_text": "List Item #1",
                                                        "selected_item_icon": {
                                                            "value": "fas fa-music",
                                                            "library": "fa-solid"
                                                        },
                                                        "_id": "153debe"
                                                    },
                                                    {
                                                        "item_text": "List Item #2",
                                                        "selected_item_icon": {
                                                            "value": "fas fa-music",
                                                            "library": "fa-solid"
                                                        },
                                                        "_id": "ea0aad2"
                                                    },
                                                    {
                                                        "item_text": "List Item #3",
                                                        "selected_item_icon": {
                                                            "value": "fas fa-music",
                                                            "library": "fa-solid"
                                                        },
                                                        "_id": "d2a428b"
                                                    },
                                                    {
                                                        "item_text": "List Item #3",
                                                        "selected_item_icon": {
                                                            "value": "fas fa-music",
                                                            "library": "fa-solid"
                                                        },
                                                        "_id": "934a902"
                                                    },
                                                    {
                                                        "item_text": "List Item #3",
                                                        "selected_item_icon": {
                                                            "value": "fas fa-music",
                                                            "library": "fa-solid"
                                                        },
                                                        "_id": "9e1318d"
                                                    }
                                                ],
                                                "button_text": "SELECT PACKAGE",
                                                "footer_additional_info": "",
                                                "show_ribbon": "",
                                                "ribbon_title": "",
                                                "header_bg_color": "#040724",
                                                "header_padding": {
                                                    "unit": "px",
                                                    "top": "30",
                                                    "right": "0",
                                                    "bottom": "15",
                                                    "left": "0",
                                                    "isLinked": false
                                                },
                                                "heading_typography_font_family": "Expletus Sans",
                                                "heading_typography_font_size": {
                                                    "unit": "px",
                                                    "size": 32,
                                                    "sizes": []
                                                },
                                                "pricing_element_bg_color": "#040724",
                                                "pricing_element_padding": {
                                                    "unit": "px",
                                                    "top": "0",
                                                    "right": "0",
                                                    "bottom": "1",
                                                    "left": "0",
                                                    "isLinked": false
                                                },
                                                "price_typography_typography": "custom",
                                                "price_typography_font_family": "Expletus Sans",
                                                "price_typography_font_size": {
                                                    "unit": "px",
                                                    "size": 60,
                                                    "sizes": []
                                                },
                                                "currency_vertical_position": "middle",
                                                "fractional-part_size": {
                                                    "unit": "px",
                                                    "size": 50,
                                                    "sizes": []
                                                },
                                                "features_list_bg_color": "#040724",
                                                "features_list_padding": {
                                                    "unit": "px",
                                                    "top": "50",
                                                    "right": "50",
                                                    "bottom": "15",
                                                    "left": "50",
                                                    "isLinked": false
                                                },
                                                "features_list_color": "#C3C3C3",
                                                "divider_color": "#040724",
                                                "divider_gap": {
                                                    "unit": "px",
                                                    "size": "",
                                                    "sizes": []
                                                },
                                                "footer_bg_color": "#040724",
                                                "footer_padding": {
                                                    "unit": "px",
                                                    "top": "30",
                                                    "right": "0",
                                                    "bottom": "50",
                                                    "left": "0",
                                                    "isLinked": false
                                                },
                                                "button_typography_font_family": "Imprima",
                                                "button_typography_font_size": {
                                                    "unit": "px",
                                                    "size": 18,
                                                    "sizes": []
                                                },
                                                "button_typography_font_weight": "bold",
                                                "__globals__": {
                                                    "header_bg_color": "globals\/colors?id=137e974",
                                                    "heading_color": "globals\/colors?id=3b973d2",
                                                    "sub_heading_color": "",
                                                    "pricing_element_bg_color": "globals\/colors?id=137e974",
                                                    "price_color": "globals\/colors?id=cfa5c7b",
                                                    "features_list_bg_color": "globals\/colors?id=137e974",
                                                    "footer_bg_color": "",
                                                    "features_list_color": "globals\/colors?id=8186ecd",
                                                    "divider_color": "globals\/colors?id=137e974",
                                                    "button_background_color": "globals\/colors?id=cfa5c7b",
                                                    "button_text_color": "globals\/colors?id=87eb952"
                                                },
                                                "button_border_radius": {
                                                    "unit": "px",
                                                    "top": "0",
                                                    "right": "0",
                                                    "bottom": "0",
                                                    "left": "0",
                                                    "isLinked": true
                                                },
                                                "button_hover_animation": "grow-rotate",
                                                "price_color": "#00A2FF",
                                                "button_text_color": "#E9E9E9",
                                                "button_background_color": "#00A2FF",
                                                "features_list_typography_font_family": "Imprima",
                                                "features_list_typography_font_size": {
                                                    "unit": "px",
                                                    "size": 18,
                                                    "sizes": []
                                                }
                                            },
                                            "elements": [],
                                            "isInner": false,
                                            "widgetType": "price-table",
                                            "elType": "widget"
                                        }
                                    ],
                                    "isInner": true,
                                    "elType": "column"
                                },
                                {
                                    "id": "27c7043e",
                                    "settings": {
                                        "_column_size": 33,
                                        "_inline_size": null,
                                        "background_background": "classic",
                                        "background_image": {
                                            "url": "https:\/\/templatekit.rometheme.net\/jumpkins\/wp-content\/uploads\/sites\/22\/2020\/11\/Frame-2.jpg",
                                            "id": 628
                                        },
                                        "background_position": "center center",
                                        "background_repeat": "no-repeat",
                                        "background_size": "cover",
                                        "margin": {
                                            "unit": "px",
                                            "top": "25",
                                            "right": "25",
                                            "bottom": "25",
                                            "left": "25",
                                            "isLinked": true
                                        },
                                        "padding": {
                                            "unit": "px",
                                            "top": "5",
                                            "right": "5",
                                            "bottom": "5",
                                            "left": "5",
                                            "isLinked": true
                                        },
                                        "_inline_size_tablet": 50,
                                        "margin_mobile": {
                                            "unit": "px",
                                            "top": "30",
                                            "right": "0",
                                            "bottom": "0",
                                            "left": "0",
                                            "isLinked": false
                                        },
                                        "padding_mobile": {
                                            "unit": "px",
                                            "top": "5",
                                            "right": "5",
                                            "bottom": "5",
                                            "left": "5",
                                            "isLinked": true
                                        }
                                    },
                                    "elements": [
                                        {
                                            "id": "13d8255",
                                            "settings": {
                                                "heading": "PREMIUM",
                                                "sub_heading": "",
                                                "heading_tag": "h5",
                                                "price": "52.99",
                                                "period": "",
                                                "features_list": [
                                                    {
                                                        "item_text": "List Item #1",
                                                        "selected_item_icon": {
                                                            "value": "fas fa-music",
                                                            "library": "fa-solid"
                                                        },
                                                        "_id": "153debe"
                                                    },
                                                    {
                                                        "item_text": "List Item #2",
                                                        "selected_item_icon": {
                                                            "value": "fas fa-music",
                                                            "library": "fa-solid"
                                                        },
                                                        "_id": "ea0aad2"
                                                    },
                                                    {
                                                        "item_text": "List Item #3",
                                                        "selected_item_icon": {
                                                            "value": "fas fa-music",
                                                            "library": "fa-solid"
                                                        },
                                                        "_id": "d2a428b"
                                                    },
                                                    {
                                                        "item_text": "List Item #3",
                                                        "selected_item_icon": {
                                                            "value": "fas fa-music",
                                                            "library": "fa-solid"
                                                        },
                                                        "_id": "934a902"
                                                    },
                                                    {
                                                        "item_text": "List Item #3",
                                                        "selected_item_icon": {
                                                            "value": "fas fa-music",
                                                            "library": "fa-solid"
                                                        },
                                                        "_id": "9e1318d"
                                                    }
                                                ],
                                                "button_text": "SELECT PACKAGE",
                                                "footer_additional_info": "",
                                                "show_ribbon": "",
                                                "ribbon_title": "",
                                                "header_bg_color": "#040724",
                                                "header_padding": {
                                                    "unit": "px",
                                                    "top": "30",
                                                    "right": "0",
                                                    "bottom": "15",
                                                    "left": "0",
                                                    "isLinked": false
                                                },
                                                "heading_typography_font_family": "Expletus Sans",
                                                "heading_typography_font_size": {
                                                    "unit": "px",
                                                    "size": 32,
                                                    "sizes": []
                                                },
                                                "pricing_element_bg_color": "#040724",
                                                "pricing_element_padding": {
                                                    "unit": "px",
                                                    "top": "0",
                                                    "right": "0",
                                                    "bottom": "1",
                                                    "left": "0",
                                                    "isLinked": false
                                                },
                                                "price_typography_typography": "custom",
                                                "price_typography_font_family": "Expletus Sans",
                                                "price_typography_font_size": {
                                                    "unit": "px",
                                                    "size": 60,
                                                    "sizes": []
                                                },
                                                "currency_vertical_position": "middle",
                                                "fractional-part_size": {
                                                    "unit": "px",
                                                    "size": 50,
                                                    "sizes": []
                                                },
                                                "features_list_bg_color": "#040724",
                                                "features_list_padding": {
                                                    "unit": "px",
                                                    "top": "50",
                                                    "right": "50",
                                                    "bottom": "15",
                                                    "left": "50",
                                                    "isLinked": false
                                                },
                                                "features_list_color": "#C3C3C3",
                                                "divider_color": "#040724",
                                                "divider_gap": {
                                                    "unit": "px",
                                                    "size": "",
                                                    "sizes": []
                                                },
                                                "footer_bg_color": "#040724",
                                                "footer_padding": {
                                                    "unit": "px",
                                                    "top": "30",
                                                    "right": "0",
                                                    "bottom": "50",
                                                    "left": "0",
                                                    "isLinked": false
                                                },
                                                "button_typography_font_family": "Imprima",
                                                "button_typography_font_size": {
                                                    "unit": "px",
                                                    "size": 18,
                                                    "sizes": []
                                                },
                                                "button_typography_font_weight": "bold",
                                                "__globals__": {
                                                    "header_bg_color": "globals\/colors?id=137e974",
                                                    "heading_color": "globals\/colors?id=3b973d2",
                                                    "sub_heading_color": "",
                                                    "pricing_element_bg_color": "globals\/colors?id=137e974",
                                                    "price_color": "globals\/colors?id=cfa5c7b",
                                                    "features_list_bg_color": "globals\/colors?id=137e974",
                                                    "footer_bg_color": "",
                                                    "features_list_color": "globals\/colors?id=8186ecd",
                                                    "divider_color": "globals\/colors?id=137e974",
                                                    "button_background_color": "globals\/colors?id=cfa5c7b",
                                                    "button_text_color": "globals\/colors?id=87eb952"
                                                },
                                                "button_border_radius": {
                                                    "unit": "px",
                                                    "top": "0",
                                                    "right": "0",
                                                    "bottom": "0",
                                                    "left": "0",
                                                    "isLinked": true
                                                },
                                                "button_hover_animation": "grow-rotate",
                                                "price_color": "#00A2FF",
                                                "features_list_typography_font_family": "Imprima",
                                                "features_list_typography_font_size": {
                                                    "unit": "px",
                                                    "size": 18,
                                                    "sizes": []
                                                },
                                                "button_text_color": "#E9E9E9",
                                                "button_background_color": "#00A2FF"
                                            },
                                            "elements": [],
                                            "isInner": false,
                                            "widgetType": "price-table",
                                            "elType": "widget"
                                        }
                                    ],
                                    "isInner": true,
                                    "elType": "column"
                                },
                                {
                                    "id": "523f5961",
                                    "settings": {
                                        "_column_size": 33,
                                        "_inline_size": null,
                                        "background_background": "classic",
                                        "background_image": {
                                            "url": "https:\/\/templatekit.rometheme.net\/jumpkins\/wp-content\/uploads\/sites\/22\/2020\/11\/Frame-3.jpg",
                                            "id": 632
                                        },
                                        "background_position": "center center",
                                        "background_repeat": "no-repeat",
                                        "background_size": "cover",
                                        "margin": {
                                            "unit": "px",
                                            "top": "25",
                                            "right": "25",
                                            "bottom": "25",
                                            "left": "25",
                                            "isLinked": true
                                        },
                                        "padding": {
                                            "unit": "px",
                                            "top": "5",
                                            "right": "5",
                                            "bottom": "5",
                                            "left": "5",
                                            "isLinked": true
                                        },
                                        "_inline_size_tablet": 100,
                                        "margin_mobile": {
                                            "unit": "px",
                                            "top": "30",
                                            "right": "0",
                                            "bottom": "0",
                                            "left": "0",
                                            "isLinked": false
                                        },
                                        "padding_mobile": {
                                            "unit": "px",
                                            "top": "5",
                                            "right": "5",
                                            "bottom": "5",
                                            "left": "5",
                                            "isLinked": true
                                        }
                                    },
                                    "elements": [
                                        {
                                            "id": "5c836b6e",
                                            "settings": {
                                                "heading": "UNLIMITED",
                                                "sub_heading": "",
                                                "heading_tag": "h5",
                                                "price": "78.99",
                                                "period": "",
                                                "features_list": [
                                                    {
                                                        "item_text": "List Item #1",
                                                        "selected_item_icon": {
                                                            "value": "fas fa-music",
                                                            "library": "fa-solid"
                                                        },
                                                        "_id": "153debe"
                                                    },
                                                    {
                                                        "item_text": "List Item #2",
                                                        "selected_item_icon": {
                                                            "value": "fas fa-music",
                                                            "library": "fa-solid"
                                                        },
                                                        "_id": "ea0aad2"
                                                    },
                                                    {
                                                        "item_text": "List Item #3",
                                                        "selected_item_icon": {
                                                            "value": "fas fa-music",
                                                            "library": "fa-solid"
                                                        },
                                                        "_id": "d2a428b"
                                                    },
                                                    {
                                                        "item_text": "List Item #3",
                                                        "selected_item_icon": {
                                                            "value": "fas fa-music",
                                                            "library": "fa-solid"
                                                        },
                                                        "_id": "934a902"
                                                    },
                                                    {
                                                        "item_text": "List Item #3",
                                                        "selected_item_icon": {
                                                            "value": "fas fa-music",
                                                            "library": "fa-solid"
                                                        },
                                                        "_id": "9e1318d"
                                                    }
                                                ],
                                                "button_text": "SELECT PACKAGE",
                                                "footer_additional_info": "",
                                                "show_ribbon": "",
                                                "ribbon_title": "",
                                                "header_bg_color": "#040724",
                                                "header_padding": {
                                                    "unit": "px",
                                                    "top": "30",
                                                    "right": "0",
                                                    "bottom": "15",
                                                    "left": "0",
                                                    "isLinked": false
                                                },
                                                "heading_typography_font_family": "Expletus Sans",
                                                "heading_typography_font_size": {
                                                    "unit": "px",
                                                    "size": 32,
                                                    "sizes": []
                                                },
                                                "pricing_element_bg_color": "#040724",
                                                "pricing_element_padding": {
                                                    "unit": "px",
                                                    "top": "0",
                                                    "right": "0",
                                                    "bottom": "1",
                                                    "left": "0",
                                                    "isLinked": false
                                                },
                                                "price_typography_typography": "custom",
                                                "price_typography_font_family": "Expletus Sans",
                                                "price_typography_font_size": {
                                                    "unit": "px",
                                                    "size": 60,
                                                    "sizes": []
                                                },
                                                "currency_vertical_position": "middle",
                                                "fractional-part_size": {
                                                    "unit": "px",
                                                    "size": 50,
                                                    "sizes": []
                                                },
                                                "features_list_bg_color": "#040724",
                                                "features_list_padding": {
                                                    "unit": "px",
                                                    "top": "50",
                                                    "right": "50",
                                                    "bottom": "15",
                                                    "left": "50",
                                                    "isLinked": false
                                                },
                                                "features_list_color": "#C3C3C3",
                                                "divider_color": "#040724",
                                                "divider_gap": {
                                                    "unit": "px",
                                                    "size": "",
                                                    "sizes": []
                                                },
                                                "footer_bg_color": "#040724",
                                                "footer_padding": {
                                                    "unit": "px",
                                                    "top": "30",
                                                    "right": "0",
                                                    "bottom": "50",
                                                    "left": "0",
                                                    "isLinked": false
                                                },
                                                "button_typography_font_family": "Imprima",
                                                "button_typography_font_size": {
                                                    "unit": "px",
                                                    "size": 18,
                                                    "sizes": []
                                                },
                                                "button_typography_font_weight": "bold",
                                                "__globals__": {
                                                    "header_bg_color": "globals\/colors?id=137e974",
                                                    "heading_color": "globals\/colors?id=3b973d2",
                                                    "sub_heading_color": "",
                                                    "pricing_element_bg_color": "globals\/colors?id=137e974",
                                                    "price_color": "globals\/colors?id=cfa5c7b",
                                                    "features_list_bg_color": "globals\/colors?id=137e974",
                                                    "footer_bg_color": "",
                                                    "features_list_color": "globals\/colors?id=8186ecd",
                                                    "divider_color": "globals\/colors?id=137e974",
                                                    "button_background_color": "globals\/colors?id=cfa5c7b",
                                                    "button_text_color": "globals\/colors?id=87eb952"
                                                },
                                                "button_border_radius": {
                                                    "unit": "px",
                                                    "top": "0",
                                                    "right": "0",
                                                    "bottom": "0",
                                                    "left": "0",
                                                    "isLinked": true
                                                },
                                                "button_hover_animation": "grow-rotate",
                                                "price_color": "#00A2FF",
                                                "features_list_typography_font_family": "Imprima",
                                                "features_list_typography_font_size": {
                                                    "unit": "px",
                                                    "size": 18,
                                                    "sizes": []
                                                },
                                                "button_text_color": "#E9E9E9",
                                                "button_background_color": "#00A2FF"
                                            },
                                            "elements": [],
                                            "isInner": false,
                                            "widgetType": "price-table",
                                            "elType": "widget"
                                        }
                                    ],
                                    "isInner": true,
                                    "elType": "column"
                                }
                            ],
                            "isInner": true,
                            "elType": "section"
                        }
                    ],
                    "isInner": false,
                    "elType": "column"
                }
            ],
            "isInner": false,
            "elType": "section"
        },
        {
            "id": "1e97ae2f",
            "settings": {
                "background_background": "classic",
                "padding": {
                    "unit": "em",
                    "top": "5",
                    "right": "1",
                    "bottom": "5",
                    "left": "1",
                    "isLinked": false
                },
                "__globals__": {
                    "background_color": "globals\/colors?id=33a517f"
                },
                "background_position": "center center",
                "background_repeat": "no-repeat",
                "background_size": "cover"
            },
            "elements": [
                {
                    "id": "26194ef3",
                    "settings": {
                        "_column_size": 100,
                        "_inline_size": null,
                        "background_background": "classic",
                        "border_radius": {
                            "unit": "px",
                            "top": "10",
                            "right": "10",
                            "bottom": "10",
                            "left": "10",
                            "isLinked": true
                        },
                        "padding": {
                            "unit": "em",
                            "top": "",
                            "right": "",
                            "bottom": "",
                            "left": "",
                            "isLinked": true
                        },
                        "__globals__": {
                            "background_color": ""
                        },
                        "margin_mobile": {
                            "unit": "px",
                            "top": "0",
                            "right": "0",
                            "bottom": "0",
                            "left": "0",
                            "isLinked": true
                        },
                        "padding_mobile": {
                            "unit": "px",
                            "top": "0",
                            "right": "0",
                            "bottom": "0",
                            "left": "0",
                            "isLinked": true
                        },
                        "_inline_size_tablet": 100,
                        "margin": {
                            "unit": "px",
                            "top": "0",
                            "right": "0",
                            "bottom": "0",
                            "left": "0",
                            "isLinked": true
                        }
                    },
                    "elements": [
                        {
                            "id": "32b16313",
                            "settings": {
                                "padding": {
                                    "unit": "px",
                                    "top": "0",
                                    "right": "0",
                                    "bottom": "0",
                                    "left": "0",
                                    "isLinked": false
                                }
                            },
                            "elements": [
                                {
                                    "id": "181bb910",
                                    "settings": {
                                        "_column_size": 100,
                                        "_inline_size": null
                                    },
                                    "elements": [
                                        {
                                            "id": "6670b625",
                                            "settings": {
                                                "carousel_slides": [
                                                    {
                                                        "logo_carousel_slide": {
                                                            "url": "https:\/\/templatekit.rometheme.net\/jumpkins\/wp-content\/uploads\/sites\/22\/2020\/12\/logo1-1.png",
                                                            "id": 1814
                                                        },
                                                        "_id": "aaf477d",
                                                        "link": {
                                                            "url": ""
                                                        }
                                                    },
                                                    {
                                                        "logo_carousel_slide": {
                                                            "url": "https:\/\/templatekit.rometheme.net\/jumpkins\/wp-content\/uploads\/sites\/22\/2020\/12\/logo5-1.png",
                                                            "id": 1818
                                                        },
                                                        "_id": "8f6dd7e",
                                                        "link": {
                                                            "url": ""
                                                        }
                                                    },
                                                    {
                                                        "logo_carousel_slide": {
                                                            "url": "https:\/\/templatekit.rometheme.net\/jumpkins\/wp-content\/uploads\/sites\/22\/2020\/12\/logo4-1.png",
                                                            "id": 1817
                                                        },
                                                        "_id": "16b0101",
                                                        "link": {
                                                            "url": ""
                                                        }
                                                    },
                                                    {
                                                        "logo_carousel_slide": {
                                                            "url": "https:\/\/templatekit.rometheme.net\/jumpkins\/wp-content\/uploads\/sites\/22\/2020\/12\/logo3-1.png",
                                                            "id": 1816
                                                        },
                                                        "_id": "7fe50cd",
                                                        "link": {
                                                            "url": ""
                                                        }
                                                    },
                                                    {
                                                        "logo_carousel_slide": {
                                                            "url": "https:\/\/templatekit.rometheme.net\/jumpkins\/wp-content\/uploads\/sites\/22\/2020\/12\/logo2-1.png",
                                                            "id": 1815
                                                        },
                                                        "_id": "57b99e8",
                                                        "link": {
                                                            "url": ""
                                                        }
                                                    }
                                                ],
                                                "title_html_tag": "h5",
                                                "items": {
                                                    "unit": "px",
                                                    "size": 4,
                                                    "sizes": []
                                                },
                                                "arrows": "",
                                                "dots": "",
                                                "pagination_type": "fraction",
                                                "grayscale_normal": "",
                                                "grayscale_hover": "yes",
                                                "opacity_hover": {
                                                    "unit": "px",
                                                    "size": 0.40000000000000002220446049250313080847263336181640625,
                                                    "sizes": []
                                                },
                                                "__globals__": {
                                                    "title_color": ""
                                                }
                                            },
                                            "elements": [],
                                            "isInner": false,
                                            "widgetType": "pp-logo-carousel",
                                            "elType": "widget"
                                        }
                                    ],
                                    "isInner": true,
                                    "elType": "column"
                                }
                            ],
                            "isInner": true,
                            "elType": "section"
                        }
                    ],
                    "isInner": false,
                    "elType": "column"
                }
            ],
            "isInner": false,
            "elType": "section"
        }
    ]
}