{
    "version": "0.4",
    "title": "Shop List",
    "type": "page",
    "metadata": {
        "template_type": "single-page",
        "include_in_zip": "1",
        "elementor_pro_required": "1",
        "wp_page_template": "elementor_header_footer"
    },
    "content": [
        {
            "id": "6040d775",
            "settings": {
                "height": "min-height",
                "custom_height": {
                    "unit": "px",
                    "size": 500,
                    "sizes": []
                },
                "background_background": "classic",
                "background_overlay_background": "classic",
                "shape_divider_bottom_width": {
                    "unit": "%",
                    "size": 100,
                    "sizes": []
                },
                "shape_divider_bottom_height": {
                    "unit": "px",
                    "size": 191,
                    "sizes": []
                },
                "__globals__": {
                    "background_overlay_color": "",
                    "background_color": "",
                    "shape_divider_bottom_color": "",
                    "background_color_b": "",
                    "shape_divider_top_color": ""
                },
                "shape_divider_top_width": {
                    "unit": "%",
                    "size": 100,
                    "sizes": []
                },
                "shape_divider_top_height": {
                    "unit": "px",
                    "size": 150,
                    "sizes": []
                },
                "shape_divider_top_flip": "yes",
                "shape_divider_bottom_flip": "yes",
                "shape_divider_top_width_mobile": {
                    "unit": "%",
                    "size": 300,
                    "sizes": []
                },
                "shape_divider_top_height_mobile": {
                    "unit": "px",
                    "size": 230,
                    "sizes": []
                },
                "background_overlay_opacity": {
                    "unit": "px",
                    "size": 0.8000000000000000444089209850062616169452667236328125,
                    "sizes": []
                },
                "overlay_blend_mode": "multiply",
                "shape_divider_top_color": "#00A2FF26",
                "background_image": {
                    "url": "https:\/\/templatekit.rometheme.net\/jumpkins\/wp-content\/uploads\/sites\/22\/2020\/12\/back-6.jpg",
                    "id": 3667
                },
                "background_position": "bottom center",
                "background_repeat": "no-repeat",
                "shape_divider_bottom_color": "#FF00AB26",
                "background_size": "cover"
            },
            "elements": [
                {
                    "id": "9d55ba4",
                    "settings": {
                        "_column_size": 100,
                        "_inline_size": null,
                        "background_background": "classic",
                        "background_position": "center center",
                        "background_size": "cover",
                        "background_overlay_background": "classic",
                        "__globals__": {
                            "background_color": "",
                            "background_overlay_color": ""
                        },
                        "padding": {
                            "unit": "em",
                            "top": "",
                            "right": "",
                            "bottom": "",
                            "left": "",
                            "isLinked": true
                        }
                    },
                    "elements": [
                        {
                            "id": "724ed8fa",
                            "settings": [],
                            "elements": [
                                {
                                    "id": "7738d8c1",
                                    "settings": {
                                        "_column_size": 100,
                                        "_inline_size": null,
                                        "margin_mobile": {
                                            "unit": "px",
                                            "top": "0",
                                            "right": "0",
                                            "bottom": "0",
                                            "left": "0",
                                            "isLinked": false
                                        },
                                        "padding_mobile": {
                                            "unit": "px",
                                            "top": "0",
                                            "right": "0",
                                            "bottom": "0",
                                            "left": "0",
                                            "isLinked": false
                                        }
                                    },
                                    "elements": [
                                        {
                                            "id": "53ed89e7",
                                            "settings": {
                                                "title": "SHOP",
                                                "header_size": "h4",
                                                "align": "center",
                                                "typography_font_family": "Imprima",
                                                "typography_font_size": {
                                                    "unit": "px",
                                                    "size": 42,
                                                    "sizes": []
                                                },
                                                "_margin": {
                                                    "unit": "px",
                                                    "top": "0",
                                                    "right": "0",
                                                    "bottom": "0",
                                                    "left": "0",
                                                    "isLinked": false
                                                },
                                                "_background_background": "classic",
                                                "__globals__": {
                                                    "_background_color": "",
                                                    "title_color": "globals\/colors?id=87eb952"
                                                },
                                                "typography_font_size_mobile": {
                                                    "unit": "px",
                                                    "size": 30,
                                                    "sizes": []
                                                }
                                            },
                                            "elements": [],
                                            "isInner": false,
                                            "widgetType": "heading",
                                            "elType": "widget"
                                        },
                                        {
                                            "id": "1acfde03",
                                            "settings": {
                                                "title": "PRODUCT LIST",
                                                "align": "center",
                                                "typography_font_family": "Expletus Sans",
                                                "typography_font_size": {
                                                    "unit": "px",
                                                    "size": 50,
                                                    "sizes": []
                                                },
                                                "typography_font_weight": "bold",
                                                "__globals__": {
                                                    "title_color": "globals\/colors?id=87eb952"
                                                },
                                                "header_size": "h3",
                                                "typography_font_size_mobile": {
                                                    "unit": "px",
                                                    "size": 50,
                                                    "sizes": []
                                                },
                                                "align_tablet": "center",
                                                "align_mobile": "center",
                                                "_margin": {
                                                    "unit": "px",
                                                    "top": "-10",
                                                    "right": "0",
                                                    "bottom": "0",
                                                    "left": "0",
                                                    "isLinked": false
                                                }
                                            },
                                            "elements": [],
                                            "isInner": false,
                                            "widgetType": "heading",
                                            "elType": "widget"
                                        }
                                    ],
                                    "isInner": true,
                                    "elType": "column"
                                }
                            ],
                            "isInner": true,
                            "elType": "section"
                        }
                    ],
                    "isInner": false,
                    "elType": "column"
                }
            ],
            "isInner": false,
            "elType": "section"
        },
        {
            "id": "79522889",
            "settings": {
                "background_background": "classic",
                "padding": {
                    "unit": "em",
                    "top": "5",
                    "right": "1",
                    "bottom": "5",
                    "left": "1",
                    "isLinked": false
                },
                "__globals__": {
                    "background_color": "globals\/colors?id=33a517f"
                },
                "background_position": "center center",
                "background_repeat": "no-repeat",
                "background_size": "cover"
            },
            "elements": [
                {
                    "id": "2a7af957",
                    "settings": {
                        "_column_size": 100,
                        "_inline_size": null,
                        "background_background": "classic",
                        "border_radius": {
                            "unit": "px",
                            "top": "10",
                            "right": "10",
                            "bottom": "10",
                            "left": "10",
                            "isLinked": true
                        },
                        "padding": {
                            "unit": "em",
                            "top": "",
                            "right": "",
                            "bottom": "",
                            "left": "",
                            "isLinked": true
                        },
                        "__globals__": {
                            "background_color": ""
                        },
                        "margin_mobile": {
                            "unit": "px",
                            "top": "0",
                            "right": "0",
                            "bottom": "0",
                            "left": "0",
                            "isLinked": true
                        },
                        "padding_mobile": {
                            "unit": "px",
                            "top": "0",
                            "right": "0",
                            "bottom": "0",
                            "left": "0",
                            "isLinked": true
                        }
                    },
                    "elements": [
                        {
                            "id": "619866f1",
                            "settings": [],
                            "elements": [
                                {
                                    "id": "79d95409",
                                    "settings": {
                                        "_column_size": 100,
                                        "_inline_size": null,
                                        "margin_mobile": {
                                            "unit": "px",
                                            "top": "0",
                                            "right": "0",
                                            "bottom": "0",
                                            "left": "0",
                                            "isLinked": false
                                        },
                                        "padding_mobile": {
                                            "unit": "px",
                                            "top": "0",
                                            "right": "0",
                                            "bottom": "0",
                                            "left": "0",
                                            "isLinked": false
                                        }
                                    },
                                    "elements": [
                                        {
                                            "id": "29c93b49",
                                            "settings": {
                                                "rows": 2,
                                                "paginate": "yes",
                                                "allow_order": "yes",
                                                "column_gap": {
                                                    "unit": "px",
                                                    "size": 30,
                                                    "sizes": []
                                                },
                                                "row_gap": {
                                                    "unit": "px",
                                                    "size": 30,
                                                    "sizes": []
                                                },
                                                "align": "center",
                                                "image_spacing": {
                                                    "unit": "px",
                                                    "size": 0,
                                                    "sizes": []
                                                },
                                                "title_color": "#E9E9E9",
                                                "title_typography_font_family": "Imprima",
                                                "title_typography_font_size": {
                                                    "unit": "px",
                                                    "size": 18,
                                                    "sizes": []
                                                },
                                                "title_typography_font_weight": "bold",
                                                "price_color": "#C3C3C3",
                                                "price_typography_font_family": "Imprima",
                                                "price_typography_font_size": {
                                                    "unit": "px",
                                                    "size": 18,
                                                    "sizes": []
                                                },
                                                "old_price_color": "#E9E9E9",
                                                "old_price_typography_font_family": "Imprima",
                                                "old_price_typography_font_size": {
                                                    "unit": "px",
                                                    "size": 18,
                                                    "sizes": []
                                                },
                                                "button_text_color": "#E9E9E9",
                                                "button_background_color": "#00A2FF",
                                                "button_typography_font_family": "Imprima",
                                                "button_typography_font_size": {
                                                    "unit": "px",
                                                    "size": 18,
                                                    "sizes": []
                                                },
                                                "button_typography_font_weight": "bold",
                                                "button_border_radius": {
                                                    "unit": "px",
                                                    "top": "0",
                                                    "right": "0",
                                                    "bottom": "0",
                                                    "left": "0",
                                                    "isLinked": true
                                                },
                                                "button_spacing": {
                                                    "unit": "px",
                                                    "size": 10,
                                                    "sizes": []
                                                },
                                                "view_cart_color": "#E9E9E9",
                                                "view_cart_typography_font_family": "Imprima",
                                                "view_cart_typography_font_size": {
                                                    "unit": "px",
                                                    "size": 18,
                                                    "sizes": []
                                                },
                                                "box_padding": {
                                                    "unit": "px",
                                                    "top": "30",
                                                    "right": "30",
                                                    "bottom": "30",
                                                    "left": "30",
                                                    "isLinked": true
                                                },
                                                "pagination_spacing": {
                                                    "unit": "px",
                                                    "size": 80,
                                                    "sizes": []
                                                },
                                                "onsale_typography_font_family": "Imprima",
                                                "onsale_typography_font_size": {
                                                    "unit": "px",
                                                    "size": 18,
                                                    "sizes": []
                                                },
                                                "onsale_typography_font_weight": "bold",
                                                "__globals__": {
                                                    "title_color": "globals\/colors?id=87eb952",
                                                    "star_color": "",
                                                    "price_color": "globals\/colors?id=8186ecd",
                                                    "old_price_color": "globals\/colors?id=87eb952",
                                                    "button_text_color": "globals\/colors?id=87eb952",
                                                    "button_background_color": "globals\/colors?id=cfa5c7b",
                                                    "view_cart_color": "globals\/colors?id=87eb952",
                                                    "box_bg_color": "globals\/colors?id=f72d01a",
                                                    "pagination_link_color": "globals\/colors?id=87eb952",
                                                    "onsale_text_color": "globals\/colors?id=87eb952",
                                                    "onsale_text_background_color": "globals\/colors?id=3b973d2",
                                                    "pagination_link_color_hover": "globals\/colors?id=87eb952",
                                                    "pagination_link_bg_color_hover": "globals\/colors?id=3b973d2",
                                                    "pagination_link_bg_color": "globals\/colors?id=7c0a1d1",
                                                    "pagination_link_color_active": "globals\/colors?id=87eb952",
                                                    "pagination_link_bg_color_active": "globals\/colors?id=3b973d2",
                                                    "box_border_color": "globals\/colors?id=9d9b1c9"
                                                },
                                                "onsale_horizontal_position": "right",
                                                "pagination_border_color": "#02010100",
                                                "pagination_typography_font_family": "Imprima",
                                                "pagination_typography_font_size": {
                                                    "unit": "px",
                                                    "size": 18,
                                                    "sizes": []
                                                },
                                                "pagination_typography_font_weight": "bold",
                                                "pagination_link_color": "#E9E9E9",
                                                "onsale_text_color": "#E9E9E9",
                                                "onsale_text_background_color": "#FF00AB",
                                                "box_border_width": {
                                                    "unit": "px",
                                                    "top": "5",
                                                    "right": "5",
                                                    "bottom": "5",
                                                    "left": "5",
                                                    "isLinked": true
                                                },
                                                "box_border_radius": {
                                                    "unit": "px",
                                                    "size": 0,
                                                    "sizes": []
                                                },
                                                "pagination_link_bg_color": "#C3C3C370",
                                                "pagination_link_color_hover": "#E9E9E9",
                                                "pagination_link_bg_color_hover": "#FF00AB",
                                                "pagination_link_color_active": "#E9E9E9",
                                                "pagination_link_bg_color_active": "#FF00AB",
                                                "onsale_distance": {
                                                    "unit": "px",
                                                    "size": -25,
                                                    "sizes": []
                                                },
                                                "columns_tablet": 2,
                                                "columns_mobile": 1
                                            },
                                            "elements": [],
                                            "isInner": false,
                                            "widgetType": "woocommerce-products",
                                            "elType": "widget"
                                        }
                                    ],
                                    "isInner": true,
                                    "elType": "column"
                                }
                            ],
                            "isInner": true,
                            "elType": "section"
                        }
                    ],
                    "isInner": false,
                    "elType": "column"
                }
            ],
            "isInner": false,
            "elType": "section"
        }
    ]
}