{
    "version": "0.4",
    "title": "Tour Detail",
    "type": "page",
    "metadata": {
        "template_type": "single-page",
        "include_in_zip": "1",
        "elementor_pro_required": "1",
        "wp_page_template": "elementor_header_footer"
    },
    "content": [
        {
            "id": "50e39dcd",
            "settings": {
                "height": "min-height",
                "custom_height": {
                    "unit": "px",
                    "size": 500,
                    "sizes": []
                },
                "background_background": "classic",
                "background_overlay_background": "classic",
                "shape_divider_bottom_width": {
                    "unit": "%",
                    "size": 100,
                    "sizes": []
                },
                "shape_divider_bottom_height": {
                    "unit": "px",
                    "size": 191,
                    "sizes": []
                },
                "__globals__": {
                    "background_overlay_color": "",
                    "background_color": "",
                    "shape_divider_bottom_color": "",
                    "background_color_b": "",
                    "shape_divider_top_color": ""
                },
                "shape_divider_top_width": {
                    "unit": "%",
                    "size": 100,
                    "sizes": []
                },
                "shape_divider_top_height": {
                    "unit": "px",
                    "size": 150,
                    "sizes": []
                },
                "shape_divider_top_flip": "yes",
                "shape_divider_bottom_flip": "yes",
                "shape_divider_top_width_mobile": {
                    "unit": "%",
                    "size": 300,
                    "sizes": []
                },
                "shape_divider_top_height_mobile": {
                    "unit": "px",
                    "size": 230,
                    "sizes": []
                },
                "background_overlay_opacity": {
                    "unit": "px",
                    "size": 0.8000000000000000444089209850062616169452667236328125,
                    "sizes": []
                },
                "overlay_blend_mode": "multiply",
                "shape_divider_top_color": "#00A2FF26",
                "background_image": {
                    "url": "https:\/\/templatekit.rometheme.net\/jumpkins\/wp-content\/uploads\/sites\/22\/2020\/12\/back-6.jpg",
                    "id": 3667
                },
                "background_position": "bottom center",
                "background_repeat": "no-repeat",
                "shape_divider_bottom_color": "#FF00AB26",
                "background_size": "cover"
            },
            "elements": [
                {
                    "id": "f06de02",
                    "settings": {
                        "_column_size": 100,
                        "_inline_size": null,
                        "background_background": "classic",
                        "background_position": "center center",
                        "background_size": "cover",
                        "background_overlay_background": "classic",
                        "__globals__": {
                            "background_color": "",
                            "background_overlay_color": ""
                        },
                        "padding": {
                            "unit": "em",
                            "top": "",
                            "right": "",
                            "bottom": "",
                            "left": "",
                            "isLinked": true
                        }
                    },
                    "elements": [
                        {
                            "id": "51aa8058",
                            "settings": [],
                            "elements": [
                                {
                                    "id": "168636c4",
                                    "settings": {
                                        "_column_size": 100,
                                        "_inline_size": null,
                                        "margin_mobile": {
                                            "unit": "px",
                                            "top": "0",
                                            "right": "0",
                                            "bottom": "0",
                                            "left": "0",
                                            "isLinked": false
                                        },
                                        "padding_mobile": {
                                            "unit": "px",
                                            "top": "0",
                                            "right": "0",
                                            "bottom": "0",
                                            "left": "0",
                                            "isLinked": false
                                        }
                                    },
                                    "elements": [
                                        {
                                            "id": "e8afc2a",
                                            "settings": {
                                                "title": "TOUR DETAIL",
                                                "header_size": "h4",
                                                "align": "center",
                                                "typography_font_family": "Imprima",
                                                "typography_font_size": {
                                                    "unit": "px",
                                                    "size": 42,
                                                    "sizes": []
                                                },
                                                "_margin": {
                                                    "unit": "px",
                                                    "top": "0",
                                                    "right": "0",
                                                    "bottom": "0",
                                                    "left": "0",
                                                    "isLinked": false
                                                },
                                                "_background_background": "classic",
                                                "__globals__": {
                                                    "_background_color": "",
                                                    "title_color": "globals\/colors?id=87eb952"
                                                },
                                                "typography_font_size_mobile": {
                                                    "unit": "px",
                                                    "size": 30,
                                                    "sizes": []
                                                }
                                            },
                                            "elements": [],
                                            "isInner": false,
                                            "widgetType": "heading",
                                            "elType": "widget"
                                        },
                                        {
                                            "id": "3538f743",
                                            "settings": {
                                                "title": "VOICE OF OUR MUSIC",
                                                "align": "center",
                                                "typography_font_family": "Expletus Sans",
                                                "typography_font_size": {
                                                    "unit": "px",
                                                    "size": 50,
                                                    "sizes": []
                                                },
                                                "typography_font_weight": "bold",
                                                "__globals__": {
                                                    "title_color": "globals\/colors?id=87eb952"
                                                },
                                                "header_size": "h3",
                                                "typography_font_size_mobile": {
                                                    "unit": "px",
                                                    "size": 50,
                                                    "sizes": []
                                                },
                                                "align_tablet": "center",
                                                "align_mobile": "center",
                                                "_margin": {
                                                    "unit": "px",
                                                    "top": "-10",
                                                    "right": "0",
                                                    "bottom": "0",
                                                    "left": "0",
                                                    "isLinked": false
                                                }
                                            },
                                            "elements": [],
                                            "isInner": false,
                                            "widgetType": "heading",
                                            "elType": "widget"
                                        }
                                    ],
                                    "isInner": true,
                                    "elType": "column"
                                }
                            ],
                            "isInner": true,
                            "elType": "section"
                        }
                    ],
                    "isInner": false,
                    "elType": "column"
                }
            ],
            "isInner": false,
            "elType": "section"
        },
        {
            "id": "5fb5ee7d",
            "settings": {
                "background_background": "classic",
                "padding": {
                    "unit": "em",
                    "top": "5",
                    "right": "1",
                    "bottom": "5",
                    "left": "1",
                    "isLinked": false
                },
                "__globals__": {
                    "background_color": "globals\/colors?id=33a517f"
                },
                "background_position": "center center",
                "background_repeat": "no-repeat",
                "background_size": "cover"
            },
            "elements": [
                {
                    "id": "20b632df",
                    "settings": {
                        "_column_size": 100,
                        "_inline_size": null,
                        "background_background": "classic",
                        "border_radius": {
                            "unit": "px",
                            "top": "10",
                            "right": "10",
                            "bottom": "10",
                            "left": "10",
                            "isLinked": true
                        },
                        "padding": {
                            "unit": "em",
                            "top": "",
                            "right": "",
                            "bottom": "",
                            "left": "",
                            "isLinked": true
                        },
                        "__globals__": {
                            "background_color": ""
                        },
                        "margin_mobile": {
                            "unit": "px",
                            "top": "0",
                            "right": "0",
                            "bottom": "0",
                            "left": "0",
                            "isLinked": true
                        },
                        "padding_mobile": {
                            "unit": "px",
                            "top": "0",
                            "right": "0",
                            "bottom": "0",
                            "left": "0",
                            "isLinked": true
                        },
                        "_inline_size_tablet": 100,
                        "margin": {
                            "unit": "px",
                            "top": "0",
                            "right": "0",
                            "bottom": "0",
                            "left": "0",
                            "isLinked": true
                        }
                    },
                    "elements": [
                        {
                            "id": "5443de23",
                            "settings": {
                                "structure": "20"
                            },
                            "elements": [
                                {
                                    "id": "5084ab3e",
                                    "settings": {
                                        "_column_size": 50,
                                        "_inline_size": 65,
                                        "background_background": "classic",
                                        "border_radius": {
                                            "unit": "px",
                                            "top": "10",
                                            "right": "10",
                                            "bottom": "10",
                                            "left": "10",
                                            "isLinked": true
                                        },
                                        "padding": {
                                            "unit": "em",
                                            "top": "",
                                            "right": "",
                                            "bottom": "",
                                            "left": "",
                                            "isLinked": true
                                        },
                                        "__globals__": {
                                            "background_color": ""
                                        },
                                        "margin_mobile": {
                                            "unit": "px",
                                            "top": "0",
                                            "right": "0",
                                            "bottom": "0",
                                            "left": "0",
                                            "isLinked": true
                                        },
                                        "padding_mobile": {
                                            "unit": "px",
                                            "top": "0",
                                            "right": "0",
                                            "bottom": "0",
                                            "left": "0",
                                            "isLinked": true
                                        },
                                        "_inline_size_tablet": 100,
                                        "content_position": "center",
                                        "margin": {
                                            "unit": "px",
                                            "top": "0",
                                            "right": "15",
                                            "bottom": "0",
                                            "left": "0",
                                            "isLinked": false
                                        }
                                    },
                                    "elements": [
                                        {
                                            "id": "4c6ae6f3",
                                            "settings": {
                                                "structure": "20"
                                            },
                                            "elements": [
                                                {
                                                    "id": "2fbd415e",
                                                    "settings": {
                                                        "_column_size": 50,
                                                        "_inline_size": null,
                                                        "margin": {
                                                            "unit": "px",
                                                            "top": "0",
                                                            "right": "0",
                                                            "bottom": "0",
                                                            "left": "0",
                                                            "isLinked": false
                                                        },
                                                        "padding": {
                                                            "unit": "px",
                                                            "top": "0",
                                                            "right": "0",
                                                            "bottom": "0",
                                                            "left": "0",
                                                            "isLinked": false
                                                        },
                                                        "margin_mobile": {
                                                            "unit": "px",
                                                            "top": "0",
                                                            "right": "0",
                                                            "bottom": "0",
                                                            "left": "0",
                                                            "isLinked": false
                                                        },
                                                        "padding_mobile": {
                                                            "unit": "px",
                                                            "top": "0",
                                                            "right": "0",
                                                            "bottom": "0",
                                                            "left": "0",
                                                            "isLinked": false
                                                        }
                                                    },
                                                    "elements": [
                                                        {
                                                            "id": "7ba2f7",
                                                            "settings": {
                                                                "image": {
                                                                    "url": "https:\/\/templatekit.rometheme.net\/jumpkins\/wp-content\/uploads\/sites\/22\/2020\/12\/photo-49-2.jpg",
                                                                    "id": 4252
                                                                },
                                                                "image_size": "full"
                                                            },
                                                            "elements": [],
                                                            "isInner": false,
                                                            "widgetType": "image",
                                                            "elType": "widget"
                                                        }
                                                    ],
                                                    "isInner": true,
                                                    "elType": "column"
                                                },
                                                {
                                                    "id": "78e368a3",
                                                    "settings": {
                                                        "_column_size": 50,
                                                        "_inline_size": null,
                                                        "background_background": "classic",
                                                        "padding": {
                                                            "unit": "px",
                                                            "top": "30",
                                                            "right": "30",
                                                            "bottom": "30",
                                                            "left": "30",
                                                            "isLinked": true
                                                        },
                                                        "__globals__": {
                                                            "background_color": "globals\/colors?id=text"
                                                        },
                                                        "content_position_tablet": "center",
                                                        "padding_tablet": {
                                                            "unit": "px",
                                                            "top": "0",
                                                            "right": "30",
                                                            "bottom": "0",
                                                            "left": "30",
                                                            "isLinked": false
                                                        },
                                                        "padding_mobile": {
                                                            "unit": "px",
                                                            "top": "15",
                                                            "right": "15",
                                                            "bottom": "15",
                                                            "left": "15",
                                                            "isLinked": true
                                                        },
                                                        "background_image": {
                                                            "url": "https:\/\/templatekit.rometheme.net\/jumpkins\/wp-content\/uploads\/sites\/22\/2020\/12\/photo-25.jpg",
                                                            "id": 4011
                                                        },
                                                        "background_position": "center center",
                                                        "background_repeat": "no-repeat",
                                                        "background_size": "cover"
                                                    },
                                                    "elements": [
                                                        {
                                                            "id": "6350893a",
                                                            "settings": {
                                                                "selected_icon": {
                                                                    "value": "fas fa-share-alt",
                                                                    "library": "fa-solid"
                                                                },
                                                                "title_text": "SHARE",
                                                                "description_text": "",
                                                                "position": "right",
                                                                "title_size": "h6",
                                                                "icon_space": {
                                                                    "unit": "px",
                                                                    "size": 5,
                                                                    "sizes": []
                                                                },
                                                                "icon_size": {
                                                                    "unit": "px",
                                                                    "size": 18,
                                                                    "sizes": []
                                                                },
                                                                "text_align": "right",
                                                                "content_vertical_alignment": "middle",
                                                                "title_bottom_space": {
                                                                    "unit": "px",
                                                                    "size": 5,
                                                                    "sizes": []
                                                                },
                                                                "title_typography_font_family": "Imprima",
                                                                "title_typography_font_size": {
                                                                    "unit": "px",
                                                                    "size": 18,
                                                                    "sizes": []
                                                                },
                                                                "title_typography_font_weight": "bold",
                                                                "__globals__": {
                                                                    "primary_color": "globals\/colors?id=87eb952",
                                                                    "title_color": "globals\/colors?id=87eb952"
                                                                },
                                                                "_margin": {
                                                                    "unit": "px",
                                                                    "top": "0",
                                                                    "right": "0",
                                                                    "bottom": "0",
                                                                    "left": "0",
                                                                    "isLinked": false
                                                                }
                                                            },
                                                            "elements": [],
                                                            "isInner": false,
                                                            "widgetType": "icon-box",
                                                            "elType": "widget"
                                                        },
                                                        {
                                                            "id": "764aaa74",
                                                            "settings": {
                                                                "share_buttons": [
                                                                    {
                                                                        "button": "twitter",
                                                                        "_id": "7ea79f0"
                                                                    },
                                                                    {
                                                                        "_id": "3688daa"
                                                                    },
                                                                    {
                                                                        "button": "linkedin",
                                                                        "_id": "d25b15b"
                                                                    }
                                                                ],
                                                                "skin": "framed",
                                                                "alignment": "right",
                                                                "alignment_mobile": "center",
                                                                "column_gap_mobile": {
                                                                    "unit": "px",
                                                                    "size": 3,
                                                                    "sizes": []
                                                                },
                                                                "button_size": {
                                                                    "unit": "px",
                                                                    "size": 0.6999999999999999555910790149937383830547332763671875,
                                                                    "sizes": []
                                                                },
                                                                "view": "icon",
                                                                "column_gap": {
                                                                    "unit": "px",
                                                                    "size": 5,
                                                                    "sizes": []
                                                                },
                                                                "_margin": {
                                                                    "unit": "px",
                                                                    "top": "-15",
                                                                    "right": "0",
                                                                    "bottom": "30",
                                                                    "left": "0",
                                                                    "isLinked": false
                                                                },
                                                                "color_source": "custom",
                                                                "__globals__": {
                                                                    "primary_color": "globals\/colors?id=87eb952",
                                                                    "primary_color_hover": "globals\/colors?id=cfa5c7b"
                                                                }
                                                            },
                                                            "elements": [],
                                                            "isInner": false,
                                                            "widgetType": "share-buttons",
                                                            "elType": "widget"
                                                        },
                                                        {
                                                            "id": "701b4288",
                                                            "settings": {
                                                                "title": "JUMPKINS",
                                                                "header_size": "h5",
                                                                "align": "left",
                                                                "typography_font_family": "Expletus Sans",
                                                                "typography_font_size": {
                                                                    "unit": "px",
                                                                    "size": 32,
                                                                    "sizes": []
                                                                },
                                                                "_margin": {
                                                                    "unit": "px",
                                                                    "top": "20",
                                                                    "right": "0",
                                                                    "bottom": "0",
                                                                    "left": "0",
                                                                    "isLinked": false
                                                                },
                                                                "_background_background": "classic",
                                                                "__globals__": {
                                                                    "_background_color": "",
                                                                    "title_color": "globals\/colors?id=87eb952"
                                                                },
                                                                "typography_font_size_mobile": {
                                                                    "unit": "px",
                                                                    "size": 30,
                                                                    "sizes": []
                                                                },
                                                                "align_tablet": "center"
                                                            },
                                                            "elements": [],
                                                            "isInner": false,
                                                            "widgetType": "heading",
                                                            "elType": "widget"
                                                        },
                                                        {
                                                            "id": "2c558581",
                                                            "settings": {
                                                                "title": "27 JANUARY",
                                                                "header_size": "h5",
                                                                "align": "left",
                                                                "typography_font_family": "Expletus Sans",
                                                                "typography_font_size": {
                                                                    "unit": "px",
                                                                    "size": 32,
                                                                    "sizes": []
                                                                },
                                                                "_margin": {
                                                                    "unit": "px",
                                                                    "top": "-15",
                                                                    "right": "0",
                                                                    "bottom": "0",
                                                                    "left": "0",
                                                                    "isLinked": false
                                                                },
                                                                "_background_background": "classic",
                                                                "__globals__": {
                                                                    "_background_color": "",
                                                                    "title_color": "globals\/colors?id=87eb952"
                                                                },
                                                                "typography_font_size_mobile": {
                                                                    "unit": "px",
                                                                    "size": 30,
                                                                    "sizes": []
                                                                },
                                                                "align_tablet": "center"
                                                            },
                                                            "elements": [],
                                                            "isInner": false,
                                                            "widgetType": "heading",
                                                            "elType": "widget"
                                                        },
                                                        {
                                                            "id": "7514d7f9",
                                                            "settings": {
                                                                "view": "inline",
                                                                "icon_list": [
                                                                    {
                                                                        "text": "Location",
                                                                        "selected_icon": {
                                                                            "value": "fas fa-map-marker-alt",
                                                                            "library": "fa-solid"
                                                                        },
                                                                        "_id": "282152d"
                                                                    },
                                                                    {
                                                                        "text": "Ticket Price",
                                                                        "selected_icon": {
                                                                            "value": "fas fa-dollar-sign",
                                                                            "library": "fa-solid"
                                                                        },
                                                                        "_id": "b09250e"
                                                                    }
                                                                ],
                                                                "space_between": {
                                                                    "unit": "px",
                                                                    "size": 50,
                                                                    "sizes": []
                                                                },
                                                                "icon_align": "left",
                                                                "icon_color": "#E9E9E9",
                                                                "text_color": "#E9E9E9",
                                                                "icon_typography_font_family": "Imprima",
                                                                "icon_typography_font_size": {
                                                                    "unit": "px",
                                                                    "size": 18,
                                                                    "sizes": []
                                                                },
                                                                "__globals__": {
                                                                    "text_color": "globals\/colors?id=8186ecd",
                                                                    "text_color_hover": "",
                                                                    "icon_color": "globals\/colors?id=8186ecd",
                                                                    "icon_color_hover": ""
                                                                },
                                                                "icon_align_tablet": "center"
                                                            },
                                                            "elements": [],
                                                            "isInner": false,
                                                            "widgetType": "icon-list",
                                                            "elType": "widget"
                                                        },
                                                        {
                                                            "id": "5c3b0d72",
                                                            "settings": {
                                                                "text": "Divider",
                                                                "gap": {
                                                                    "unit": "px",
                                                                    "size": 10,
                                                                    "sizes": []
                                                                },
                                                                "__globals__": {
                                                                    "color": "globals\/colors?id=87eb952"
                                                                }
                                                            },
                                                            "elements": [],
                                                            "isInner": false,
                                                            "widgetType": "divider",
                                                            "elType": "widget"
                                                        },
                                                        {
                                                            "id": "33b03947",
                                                            "settings": {
                                                                "text": "GET TICKET",
                                                                "align": "center",
                                                                "size": "md",
                                                                "typography_font_family": "Imprima",
                                                                "typography_font_size": {
                                                                    "unit": "px",
                                                                    "size": 18,
                                                                    "sizes": []
                                                                },
                                                                "typography_font_weight": "bold",
                                                                "border_radius": {
                                                                    "unit": "px",
                                                                    "top": "0",
                                                                    "right": "0",
                                                                    "bottom": "0",
                                                                    "left": "0",
                                                                    "isLinked": true
                                                                },
                                                                "hover_animation": "grow-rotate",
                                                                "__globals__": {
                                                                    "button_text_color": "globals\/colors?id=87eb952",
                                                                    "background_color": "globals\/colors?id=cfa5c7b"
                                                                }
                                                            },
                                                            "elements": [],
                                                            "isInner": false,
                                                            "widgetType": "button",
                                                            "elType": "widget"
                                                        },
                                                        {
                                                            "id": "4a06e972",
                                                            "settings": {
                                                                "icon_list": [
                                                                    {
                                                                        "text": "I agree TERMS & CONDITION",
                                                                        "selected_icon": {
                                                                            "value": "fas fa-check-circle",
                                                                            "library": "fa-solid"
                                                                        },
                                                                        "_id": "282152d"
                                                                    }
                                                                ],
                                                                "icon_align": "center",
                                                                "icon_color": "#E9E9E9",
                                                                "text_color": "#E9E9E9",
                                                                "icon_typography_font_family": "Imprima",
                                                                "icon_typography_font_size": {
                                                                    "unit": "px",
                                                                    "size": 18,
                                                                    "sizes": []
                                                                },
                                                                "__globals__": {
                                                                    "text_color": "globals\/colors?id=8186ecd",
                                                                    "text_color_hover": "globals\/colors?id=87eb952",
                                                                    "icon_color": "globals\/colors?id=8186ecd",
                                                                    "icon_color_hover": "globals\/colors?id=87eb952"
                                                                }
                                                            },
                                                            "elements": [],
                                                            "isInner": false,
                                                            "widgetType": "icon-list",
                                                            "elType": "widget"
                                                        }
                                                    ],
                                                    "isInner": true,
                                                    "elType": "column"
                                                }
                                            ],
                                            "isInner": true,
                                            "elType": "section"
                                        }
                                    ],
                                    "isInner": true,
                                    "elType": "column"
                                },
                                {
                                    "id": "2af23506",
                                    "settings": {
                                        "_column_size": 50,
                                        "_inline_size": 34.95700000000000073896444519050419330596923828125,
                                        "background_background": "classic",
                                        "background_position": "center center",
                                        "background_repeat": "no-repeat",
                                        "background_size": "cover",
                                        "_inline_size_tablet": 100,
                                        "margin_mobile": {
                                            "unit": "px",
                                            "top": "0",
                                            "right": "0",
                                            "bottom": "0",
                                            "left": "0",
                                            "isLinked": false
                                        },
                                        "padding_mobile": {
                                            "unit": "px",
                                            "top": "0",
                                            "right": "0",
                                            "bottom": "0",
                                            "left": "0",
                                            "isLinked": false
                                        }
                                    },
                                    "elements": [
                                        {
                                            "id": "55be645b",
                                            "settings": {
                                                "title": "DETAIL TOURS",
                                                "align": "left",
                                                "typography_font_family": "Expletus Sans",
                                                "typography_font_size": {
                                                    "unit": "px",
                                                    "size": 32,
                                                    "sizes": []
                                                },
                                                "__globals__": {
                                                    "title_color": "globals\/colors?id=87eb952"
                                                },
                                                "header_size": "h5",
                                                "typography_font_size_mobile": {
                                                    "unit": "px",
                                                    "size": 50,
                                                    "sizes": []
                                                },
                                                "align_tablet": "center",
                                                "_margin_tablet": {
                                                    "unit": "px",
                                                    "top": "30",
                                                    "right": "0",
                                                    "bottom": "0",
                                                    "left": "0",
                                                    "isLinked": false
                                                },
                                                "_padding_tablet": {
                                                    "unit": "px",
                                                    "top": "0",
                                                    "right": "0",
                                                    "bottom": "0",
                                                    "left": "0",
                                                    "isLinked": false
                                                }
                                            },
                                            "elements": [],
                                            "isInner": false,
                                            "widgetType": "heading",
                                            "elType": "widget"
                                        },
                                        {
                                            "id": "757b451d",
                                            "settings": {
                                                "icon_list": [
                                                    {
                                                        "text": "Time : January 27, 2021 | 10.00 PM",
                                                        "selected_icon": {
                                                            "value": "",
                                                            "library": ""
                                                        },
                                                        "_id": "83b2560"
                                                    },
                                                    {
                                                        "text": "Location : Darling Harbour, Sydney",
                                                        "selected_icon": {
                                                            "value": "",
                                                            "library": ""
                                                        },
                                                        "_id": "628965b"
                                                    },
                                                    {
                                                        "text": "Website  : www.rometheme.net",
                                                        "selected_icon": {
                                                            "value": "",
                                                            "library": ""
                                                        },
                                                        "_id": "a68e423"
                                                    },
                                                    {
                                                        "text": "Event Type  : Tour",
                                                        "selected_icon": {
                                                            "value": "",
                                                            "library": ""
                                                        },
                                                        "_id": "5f17e1a"
                                                    },
                                                    {
                                                        "text": "Organized By : Rometheme",
                                                        "selected_icon": {
                                                            "value": "",
                                                            "library": ""
                                                        },
                                                        "_id": "922ae2c"
                                                    }
                                                ],
                                                "icon_align_tablet": "center",
                                                "icon_color": "#FF00AB",
                                                "icon_color_hover": "#00A2FF",
                                                "text_color": "#C3C3C3",
                                                "icon_typography_font_family": "Imprima",
                                                "icon_typography_font_size": {
                                                    "unit": "px",
                                                    "size": 18,
                                                    "sizes": []
                                                },
                                                "icon_typography_font_weight": "bold",
                                                "_margin": {
                                                    "unit": "px",
                                                    "top": "0",
                                                    "right": "0",
                                                    "bottom": "0",
                                                    "left": "0",
                                                    "isLinked": false
                                                },
                                                "__globals__": {
                                                    "icon_color": "globals\/colors?id=3b973d2",
                                                    "icon_color_hover": "globals\/colors?id=cfa5c7b",
                                                    "text_color": "globals\/colors?id=8186ecd",
                                                    "text_color_hover": ""
                                                }
                                            },
                                            "elements": [],
                                            "isInner": false,
                                            "widgetType": "icon-list",
                                            "elType": "widget"
                                        },
                                        {
                                            "id": "41185af8",
                                            "settings": {
                                                "address": "DARLING BARBOUR ",
                                                "height": {
                                                    "unit": "px",
                                                    "size": 328,
                                                    "sizes": []
                                                },
                                                "css_filters_css_filter": "custom",
                                                "css_filters_brightness": {
                                                    "unit": "px",
                                                    "size": 60,
                                                    "sizes": []
                                                },
                                                "css_filters_contrast": {
                                                    "unit": "px",
                                                    "size": 200,
                                                    "sizes": []
                                                },
                                                "css_filters_saturate": {
                                                    "unit": "px",
                                                    "size": 110,
                                                    "sizes": []
                                                },
                                                "css_filters_hue": {
                                                    "unit": "px",
                                                    "size": 107,
                                                    "sizes": []
                                                },
                                                "css_filters_hover_css_filter": "custom",
                                                "hover_transition": {
                                                    "unit": "px",
                                                    "size": 2,
                                                    "sizes": []
                                                }
                                            },
                                            "elements": [],
                                            "isInner": false,
                                            "widgetType": "google_maps",
                                            "elType": "widget"
                                        }
                                    ],
                                    "isInner": true,
                                    "elType": "column"
                                }
                            ],
                            "isInner": true,
                            "elType": "section"
                        }
                    ],
                    "isInner": false,
                    "elType": "column"
                }
            ],
            "isInner": false,
            "elType": "section"
        },
        {
            "id": "1bda82be",
            "settings": {
                "background_background": "classic",
                "padding": {
                    "unit": "em",
                    "top": "5",
                    "right": "1",
                    "bottom": "5",
                    "left": "1",
                    "isLinked": false
                },
                "__globals__": {
                    "background_color": "globals\/colors?id=33a517f"
                },
                "background_position": "center center",
                "background_repeat": "no-repeat",
                "background_size": "cover"
            },
            "elements": [
                {
                    "id": "1d5014aa",
                    "settings": {
                        "_column_size": 100,
                        "_inline_size": null,
                        "background_background": "classic",
                        "border_radius": {
                            "unit": "px",
                            "top": "10",
                            "right": "10",
                            "bottom": "10",
                            "left": "10",
                            "isLinked": true
                        },
                        "padding": {
                            "unit": "em",
                            "top": "",
                            "right": "",
                            "bottom": "",
                            "left": "",
                            "isLinked": true
                        },
                        "__globals__": {
                            "background_color": ""
                        },
                        "margin_mobile": {
                            "unit": "px",
                            "top": "0",
                            "right": "0",
                            "bottom": "0",
                            "left": "0",
                            "isLinked": true
                        },
                        "padding_mobile": {
                            "unit": "px",
                            "top": "0",
                            "right": "0",
                            "bottom": "0",
                            "left": "0",
                            "isLinked": true
                        }
                    },
                    "elements": [
                        {
                            "id": "6bcc4e0d",
                            "settings": [],
                            "elements": [
                                {
                                    "id": "45eb4a78",
                                    "settings": {
                                        "_column_size": 100,
                                        "_inline_size": null,
                                        "margin_mobile": {
                                            "unit": "px",
                                            "top": "0",
                                            "right": "0",
                                            "bottom": "0",
                                            "left": "0",
                                            "isLinked": false
                                        },
                                        "padding_mobile": {
                                            "unit": "px",
                                            "top": "0",
                                            "right": "0",
                                            "bottom": "0",
                                            "left": "0",
                                            "isLinked": false
                                        }
                                    },
                                    "elements": [
                                        {
                                            "id": "1dc11e2f",
                                            "settings": {
                                                "title": "ABOUT TOURS",
                                                "header_size": "h5",
                                                "align": "center",
                                                "typography_font_family": "Expletus Sans",
                                                "typography_font_size": {
                                                    "unit": "px",
                                                    "size": 32,
                                                    "sizes": []
                                                },
                                                "_margin": {
                                                    "unit": "px",
                                                    "top": "0",
                                                    "right": "0",
                                                    "bottom": "0",
                                                    "left": "0",
                                                    "isLinked": false
                                                },
                                                "_background_background": "classic",
                                                "__globals__": {
                                                    "_background_color": "",
                                                    "title_color": "globals\/colors?id=87eb952"
                                                },
                                                "typography_font_size_mobile": {
                                                    "unit": "px",
                                                    "size": 30,
                                                    "sizes": []
                                                },
                                                "align_tablet": "center"
                                            },
                                            "elements": [],
                                            "isInner": false,
                                            "widgetType": "heading",
                                            "elType": "widget"
                                        },
                                        {
                                            "id": "7577eba5",
                                            "settings": {
                                                "editor": "<p>Lorem ipsum dolor sit amet, consectetur adipiscing elit, sed do eiusmod tempor incididunt ut labore et dolore magna aliqua. Ut enim ad minim veniam, quis nostrud. Duis aute irure dolor in reprehenderit in voluptate velit esse cillum dolore eu fugiat nulla pariatur. Excepteur sint occaecat cupidatat non proident, sunt in culpa qui officia deserunt mollit anim id est laborum.<\/p>",
                                                "align": "center",
                                                "typography_font_family": "Imprima",
                                                "typography_font_size": {
                                                    "unit": "px",
                                                    "size": 18,
                                                    "sizes": []
                                                },
                                                "__globals__": {
                                                    "text_color": "globals\/colors?id=87eb952",
                                                    "_background_color": ""
                                                },
                                                "align_mobile": "center",
                                                "align_tablet": "center",
                                                "_background_background": "classic",
                                                "_offset_x": {
                                                    "size": 7,
                                                    "unit": "px"
                                                },
                                                "_offset_y": {
                                                    "size": -216,
                                                    "unit": "px"
                                                },
                                                "typography_font_style": "italic"
                                            },
                                            "elements": [],
                                            "isInner": false,
                                            "widgetType": "text-editor",
                                            "elType": "widget"
                                        },
                                        {
                                            "id": "3eb41e21",
                                            "settings": {
                                                "editor": "<p>Lorem ipsum dolor sit amet, consectetur adipiscing elit, sed do eiusmod tempor incididunt ut labore et dolore magna aliqua. Ut enim ad minim veniam, quis nostrud exercitation ullamco laboris nisi ut aliquip ex ea commodo consequat. Duis aute irure dolor in reprehenderit in voluptate velit esse cillum dolore eu fugiat nulla pariatur. Excepteur sint occaecat cupidatat non proident, sunt in culpa qui officia deserunt mollit anim id est laborum. Duis aute irure dolor in reprehenderit in voluptate velit esse cillum dolore eu fugiat nulla pariatur. Excepteur sint occaecat cupidatat non proident, sunt in culpa qui officia deserunt mollit anim id est laborum.<\/p>",
                                                "align": "center",
                                                "typography_font_family": "Imprima",
                                                "typography_font_size": {
                                                    "unit": "px",
                                                    "size": 18,
                                                    "sizes": []
                                                },
                                                "__globals__": {
                                                    "text_color": "globals\/colors?id=8186ecd",
                                                    "_background_color": ""
                                                },
                                                "align_mobile": "center",
                                                "align_tablet": "center",
                                                "_background_background": "classic",
                                                "_offset_x": {
                                                    "size": 7,
                                                    "unit": "px"
                                                },
                                                "_offset_y": {
                                                    "size": -216,
                                                    "unit": "px"
                                                }
                                            },
                                            "elements": [],
                                            "isInner": false,
                                            "widgetType": "text-editor",
                                            "elType": "widget"
                                        },
                                        {
                                            "id": "7b2ec0ee",
                                            "settings": {
                                                "title": "Subscribe &amp; Discover Info Music Event",
                                                "header_size": "h5",
                                                "align": "center",
                                                "typography_font_family": "Expletus Sans",
                                                "typography_font_size": {
                                                    "unit": "px",
                                                    "size": 32,
                                                    "sizes": []
                                                },
                                                "_margin": {
                                                    "unit": "px",
                                                    "top": "50",
                                                    "right": "0",
                                                    "bottom": "0",
                                                    "left": "0",
                                                    "isLinked": false
                                                },
                                                "_background_background": "classic",
                                                "__globals__": {
                                                    "_background_color": "",
                                                    "title_color": "globals\/colors?id=87eb952"
                                                },
                                                "typography_font_size_mobile": {
                                                    "unit": "px",
                                                    "size": 30,
                                                    "sizes": []
                                                },
                                                "align_tablet": "center"
                                            },
                                            "elements": [],
                                            "isInner": false,
                                            "widgetType": "heading",
                                            "elType": "widget"
                                        },
                                        {
                                            "id": "5acd6865",
                                            "settings": {
                                                "view": "inline",
                                                "icon_list": [
                                                    {
                                                        "text": "ITUNES",
                                                        "selected_icon": {
                                                            "value": "fab fa-apple",
                                                            "library": "fa-brands"
                                                        },
                                                        "_id": "f740d66"
                                                    },
                                                    {
                                                        "text": "YOUTUBE",
                                                        "selected_icon": {
                                                            "value": "fab fa-youtube",
                                                            "library": "fa-brands"
                                                        },
                                                        "_id": "3c392dc"
                                                    },
                                                    {
                                                        "text": "SOUNDCLOUD",
                                                        "selected_icon": {
                                                            "value": "fab fa-soundcloud",
                                                            "library": "fa-brands"
                                                        },
                                                        "_id": "9685f20"
                                                    }
                                                ],
                                                "icon_align": "center",
                                                "icon_size": {
                                                    "unit": "px",
                                                    "size": 20,
                                                    "sizes": []
                                                },
                                                "icon_typography_font_family": "Imprima",
                                                "icon_typography_font_size": {
                                                    "unit": "px",
                                                    "size": 18,
                                                    "sizes": []
                                                },
                                                "icon_typography_font_weight": "bold",
                                                "__globals__": {
                                                    "icon_color": "globals\/colors?id=87eb952",
                                                    "text_color": "globals\/colors?id=87eb952",
                                                    "text_color_hover": "globals\/colors?id=cfa5c7b"
                                                },
                                                "_margin": {
                                                    "unit": "px",
                                                    "top": "0",
                                                    "right": "0",
                                                    "bottom": "0",
                                                    "left": "0",
                                                    "isLinked": false
                                                }
                                            },
                                            "elements": [],
                                            "isInner": false,
                                            "widgetType": "icon-list",
                                            "elType": "widget"
                                        }
                                    ],
                                    "isInner": true,
                                    "elType": "column"
                                }
                            ],
                            "isInner": true,
                            "elType": "section"
                        }
                    ],
                    "isInner": false,
                    "elType": "column"
                }
            ],
            "isInner": false,
            "elType": "section"
        }
    ]
}